00000000: 48 32 43 53 08 00 00 00 32 53 00 00 10 00 00 00  H2CS....2S......
00000010: 00 00 00 00 00 00 00 00 02 00 00 00 75 3f 7c 25  ............u?|%
00000020: 75 3f 7c 25 00 00 00 00 00 00 00 00 01 00 00 00  u?|%............
00000030: 62 6e 65 74 3a 53 77 61 72 6d 20 28 4d 6f 64 29  bnet:Swarm (Mod)
00000040: 2f 30 2e 30 2f 39 39 39 2c 66 69 6c 65 3a 4d 6f  /0.0/999,file:Mo
00000050: 64 73 2f 53 77 61 72 6d 2e 53 43 32 4d 6f 64 00  ds/Swarm.SC2Mod.
00000060: 84 00 00 00 0c 00 44 6f 63 49 6e 66 6f 2f 4e 61  ......DocInfo/Na
00000070: 6d 65 53 55 6e 65 0d 00 57 43 53 20 47 61 6d 65  meSUne..WCS Game
00000080: 48 65 61 72 74 1b 00 44 6f 63 49 6e 66 6f 2f 48  Heart..DocInfo/H
00000090: 6f 77 54 6f 50 6c 61 79 41 64 76 61 6e 63 65 64  owToPlayAdvanced
000000a0: 30 31 53 55 6e 65 67 00 4c 6f 67 6f 73 2e 53 43  01SUneg.Logos.SC
000000b0: 32 4d 6f 64 20 69 73 20 61 20 73 70 65 63 69 61  2Mod is a specia
000000c0: 6c 20 74 79 70 65 20 6f 66 20 6d 6f 64 20 66 69  l type of mod fi
000000d0: 6c 65 20 77 68 69 63 68 20 6d 61 6e 61 67 65 73  le which manages
000000e0: 20 74 68 65 20 64 69 73 70 6c 61 79 20 6f 66 20   the display of 
000000f0: 6c 6f 67 6f 73 20 6f 6e 20 74 68 65 20 6d 61 70  logos on the map
00000100: 20 66 6f 72 20 6f 62 73 65 72 76 69 6e 67 2e 1b   for observing..
00000110: 00 44 6f 63 49 6e 66 6f 2f 48 6f 77 54 6f 50 6c  .DocInfo/HowToPl
00000120: 61 79 41 64 76 61 6e 63 65 64 30 30 53 55 6e 65  ayAdvanced00SUne
00000130: 81 00 54 68 65 20 57 43 53 20 32 2e 30 20 69 6e  ..The WCS 2.0 in
00000140: 74 65 72 66 61 63 65 20 69 73 20 74 68 65 20 6f  terface is the o
00000150: 6e 6c 79 20 69 6e 74 65 72 66 61 63 65 20 74 6f  nly interface to
00000160: 20 63 75 72 72 65 6e 74 6c 79 20 68 61 76 65 20   currently have 
00000170: 74 68 65 20 6e 65 63 65 73 73 61 72 79 20 55 49  the necessary UI
00000180: 20 65 6c 65 6d 65 6e 74 73 20 74 6f 20 64 69 73   elements to dis
00000190: 70 6c 61 79 20 74 68 65 20 63 79 63 6c 69 6e 67  play the cycling
000001a0: 20 69 6e 66 6f 72 6d 61 74 69 6f 6e 20 70 61 6e   information pan
000001b0: 65 6c 2e 1b 00 44 6f 63 49 6e 66 6f 2f 48 6f 77  el...DocInfo/How
000001c0: 54 6f 50 6c 61 79 41 64 76 61 6e 63 65 64 30 32  ToPlayAdvanced02
000001d0: 53 55 6e 65 4e 00 50 6c 65 61 73 65 20 72 65 66  SUneN.Please ref
000001e0: 65 72 20 74 6f 20 6f 6e 6c 69 6e 65 20 64 6f 63  er to online doc
000001f0: 75 6d 65 6e 74 61 74 69 6f 6e 20 66 6f 72 20 69  umentation for i
00000200: 6e 73 74 72 75 63 74 69 6f 6e 73 20 6f 6e 20 75  nstructions on u
00000210: 73 69 6e 67 20 61 20 4c 6f 67 6f 73 2e 53 43 32  sing a Logos.SC2
00000220: 4d 6f 64 2e 18 00 44 6f 63 49 6e 66 6f 2f 48 6f  Mod...DocInfo/Ho
00000230: 77 54 6f 50 6c 61 79 42 61 73 69 63 30 30 53 55  wToPlayBasic00SU
00000240: 6e 65 67 00 54 6f 20 67 65 74 20 61 20 63 75 73  neg.To get a cus
00000250: 74 6f 6d 20 69 6e 74 65 72 66 61 63 65 2c 20 6d  tom interface, m
00000260: 61 6b 65 20 73 75 72 65 20 74 6f 20 67 6f 20 69  ake sure to go i
00000270: 6e 74 6f 20 79 6f 75 72 20 67 61 6d 65 70 6c 61  nto your gamepla
00000280: 79 20 6f 70 74 69 6f 6e 73 20 61 6e 64 20 73 65  y options and se
00000290: 6c 65 63 74 20 6f 6e 65 20 66 72 6f 6d 20 74 68  lect one from th
000002a0: 65 20 64 72 6f 70 64 6f 77 6e 21 10 00 44 6f 63  e dropdown!..Doc
000002b0: 49 6e 66 6f 2f 44 65 73 63 4c 6f 6e 67 53 55 6e  Info/DescLongSUn
000002c0: 65 7b 01 57 43 53 20 47 61 6d 65 48 65 61 72 74  e{.WCS GameHeart
000002d0: 20 69 73 20 61 6e 20 65 78 74 65 6e 73 69 6f 6e   is an extension
000002e0: 20 6d 6f 64 20 64 65 73 69 67 6e 65 64 20 74 6f   mod designed to
000002f0: 20 65 6e 68 61 6e 63 65 20 74 68 65 20 73 70 65   enhance the spe
00000300: 63 74 61 74 6f 72 20 65 78 70 65 72 69 65 6e 63  ctator experienc
00000310: 65 20 6f 66 20 53 74 61 72 43 72 61 66 74 20 32  e of StarCraft 2
00000320: 2e 3c 6e 2f 3e 3c 6e 2f 3e 42 6c 69 7a 7a 61 72  .<n/><n/>Blizzar
00000330: 64 20 45 6e 74 65 72 74 61 69 6e 6d 65 6e 74 20  d Entertainment 
00000340: 77 6f 75 6c 64 20 6c 69 6b 65 20 74 6f 20 74 68  would like to th
00000350: 61 6e 6b 20 61 6e 64 20 72 65 63 6f 67 6e 69 7a  ank and recogniz
00000360: 65 20 63 6f 6d 6d 75 6e 69 74 79 20 6d 65 6d 62  e community memb
00000370: 65 72 73 20 52 79 61 6e 20 53 63 68 75 74 74 65  ers Ryan Schutte
00000380: 72 2c 20 43 68 72 69 73 74 6f 70 68 20 41 68 6c  r, Christoph Ahl
00000390: 65 72 73 2c 20 50 68 69 6c 69 70 20 54 61 6e 2c  ers, Philip Tan,
000003a0: 20 4e 69 63 6b 20 4d 6f 68 72 2c 20 54 68 65 20   Nick Mohr, The 
000003b0: 4d 49 54 20 47 61 6d 65 20 4c 61 62 2c 20 4d 69  MIT Game Lab, Mi
000003c0: 6c 6f 76 20 56 61 73 79 61 20 61 6e 64 20 50 65  lov Vasya and Pe
000003d0: 64 72 6f 20 5a 65 61 20 66 6f 72 20 74 68 65 69  dro Zea for thei
000003e0: 72 20 61 6d 61 7a 69 6e 67 20 77 6f 72 6b 20 6f  r amazing work o
000003f0: 6e 20 74 68 65 20 6f 72 69 67 69 6e 61 6c 20 47  n the original G
00000400: 61 6d 65 48 65 61 72 74 20 4d 6f 64 2e 3c 6e 2f  ameHeart Mod.<n/
00000410: 3e 3c 6e 2f 3e 50 6f 72 74 69 6f 6e 73 20 63 6f  ><n/>Portions co
00000420: 6e 74 72 69 62 75 74 65 64 20 62 79 20 74 68 65  ntributed by the
00000430: 20 4d 49 54 20 47 61 6d 65 20 4c 61 62 2e 18 00   MIT Game Lab...
00000440: 44 6f 63 49 6e 66 6f 2f 48 6f 77 54 6f 50 6c 61  DocInfo/HowToPla
00000450: 79 42 61 73 69 63 30 32 53 55 6e 65 6c 00 54 6f  yBasic02SUnel.To
00000460: 20 67 65 74 20 74 65 61 6d 20 61 6e 64 20 6c 65   get team and le
00000470: 61 67 75 65 20 6c 6f 67 6f 73 2c 20 6d 61 6b 65  ague logos, make
00000480: 20 73 75 72 65 20 74 6f 20 70 75 74 20 61 20 4c   sure to put a L
00000490: 6f 67 6f 73 2e 53 43 32 4d 6f 64 20 66 69 6c 65  ogos.SC2Mod file
000004a0: 20 69 6e 20 79 6f 75 72 20 44 6f 63 75 6d 65 6e   in your Documen
000004b0: 74 73 2f 53 74 61 72 63 72 61 66 74 20 49 49 20  ts/Starcraft II 
000004c0: 64 69 72 65 63 74 6f 72 79 21 18 00 44 6f 63 49  directory!..DocI
000004d0: 6e 66 6f 2f 48 6f 77 54 6f 50 6c 61 79 42 61 73  nfo/HowToPlayBas
000004e0: 69 63 30 31 53 55 6e 65 66 00 54 6f 20 73 65 65  ic01SUnef.To see
000004f0: 20 73 74 72 6f 6e 67 65 72 20 74 65 61 6d 20 63   stronger team c
00000500: 6f 6c 6f 72 73 20 67 6f 20 69 6e 74 6f 20 79 6f  olors go into yo
00000510: 75 72 20 67 61 6d 65 70 6c 61 79 20 6f 70 74 69  ur gameplay opti
00000520: 6f 6e 73 20 61 6e 64 20 61 64 6a 75 73 74 20 79  ons and adjust y
00000530: 6f 75 72 20 74 65 61 6d 20 63 6f 6c 6f 72 20 69  our team color i
00000540: 6e 74 65 6e 73 69 74 79 20 6f 70 74 69 6f 6e 21  ntensity option!
00000550: 14 00 44 6f 63 49 6e 66 6f 2f 53 63 72 65 65 6e  ..DocInfo/Screen
00000560: 73 68 6f 74 30 34 53 55 6e 65 6b 00 57 6f 72 6b  shot04SUnek.Work
00000570: 65 72 73 20 6b 69 6c 6c 65 64 20 6e 6f 74 69 66  ers killed notif
00000580: 69 63 61 74 69 6f 6e 73 20 74 68 61 74 20 61 6c  ications that al
00000590: 65 72 74 20 79 6f 75 20 68 6f 77 20 6d 61 6e 79  ert you how many
000005a0: 20 77 6f 72 6b 65 72 73 20 77 65 72 65 20 6c 6f   workers were lo
000005b0: 73 74 20 69 6e 20 74 68 65 20 6c 61 73 74 20 65  st in the last e
000005c0: 6e 67 61 67 65 6d 65 6e 74 20 66 6f 72 20 61 20  ngagement for a 
000005d0: 70 6c 61 79 65 72 2e 14 00 44 6f 63 49 6e 66 6f  player...DocInfo
000005e0: 2f 53 63 72 65 65 6e 73 68 6f 74 30 31 53 55 6e  /Screenshot01SUn
000005f0: 65 6a 00 49 63 6f 6e 73 20 6f 76 65 72 20 62 75  ej.Icons over bu
00000600: 69 6c 64 69 6e 67 73 20 77 68 69 63 68 20 73 68  ildings which sh
00000610: 6f 77 20 77 68 61 74 20 74 68 65 79 20 61 72 65  ow what they are
00000620: 20 74 72 61 69 6e 69 6e 67 20 6f 72 20 72 65 73   training or res
00000630: 65 61 72 63 68 69 6e 67 20 77 68 69 6c 65 20 74  earching while t
00000640: 68 65 69 72 20 73 74 61 74 75 73 20 62 61 72 20  heir status bar 
00000650: 69 73 20 64 69 73 70 6c 61 79 65 64 2e 14 00 44  is displayed...D
00000660: 6f 63 49 6e 66 6f 2f 53 63 72 65 65 6e 73 68 6f  ocInfo/Screensho
00000670: 74 30 32 53 55 6e 65 5d 00 55 70 67 72 61 64 65  t02SUne].Upgrade
00000680: 20 6e 6f 74 69 66 69 63 61 74 69 6f 6e 73 20 74   notifications t
00000690: 68 61 74 20 61 6c 65 72 74 20 79 6f 75 20 77 68  hat alert you wh
000006a0: 65 6e 20 74 68 65 79 20 61 72 65 20 63 6f 6d 70  en they are comp
000006b0: 6c 65 74 69 6e 67 2c 20 63 6f 6d 70 6c 65 74 65  leting, complete
000006c0: 2c 20 63 61 6e 63 65 6c 6c 65 64 20 6f 72 20 64  , cancelled or d
000006d0: 65 6e 69 65 64 2e 0c 00 44 6f 63 49 6e 66 6f 2f  enied...DocInfo/
000006e0: 4e 61 6d 65 52 46 72 66 0d 00 57 43 53 20 47 61  NameRFrf..WCS Ga
000006f0: 6d 65 48 65 61 72 74 1b 00 44 6f 63 49 6e 66 6f  meHeart..DocInfo
00000700: 2f 48 6f 77 54 6f 50 6c 61 79 41 64 76 61 6e 63  /HowToPlayAdvanc
00000710: 65 64 30 31 52 46 72 66 78 00 4c 6f 67 6f 73 2e  ed01RFrfx.Logos.
00000720: 53 43 32 4d 6f 64 20 65 73 74 20 75 6e 20 74 79  SC2Mod est un ty
00000730: 70 65 20 64 65 20 66 69 63 68 69 65 72 20 64 65  pe de fichier de
00000740: 20 6d 6f 64 20 73 70 c3 a9 63 69 61 6c 20 71 75   mod sp..cial qu
00000750: 69 20 67 c3 a8 72 65 20 6c e2 80 99 61 66 66 69  i g..re l...affi
00000760: 63 68 61 67 65 20 64 65 73 20 6c 6f 67 6f 73 20  chage des logos 
00000770: 73 75 72 20 6c 61 20 63 61 72 74 65 20 70 6f 75  sur la carte pou
00000780: 72 20 6c 65 73 20 73 70 65 63 74 61 74 65 75 72  r les spectateur
00000790: 73 2e 1b 00 44 6f 63 49 6e 66 6f 2f 48 6f 77 54  s...DocInfo/HowT
000007a0: 6f 50 6c 61 79 41 64 76 61 6e 63 65 64 30 30 52  oPlayAdvanced00R
000007b0: 46 72 66 99 00 4c e2 80 99 69 6e 74 65 72 66 61  Frf..L...interfa
000007c0: 63 65 20 57 43 53 20 32 2e 30 20 65 73 74 20 61  ce WCS 2.0 est a
000007d0: 63 74 75 65 6c 6c 65 6d 65 6e 74 20 6c 61 20 73  ctuellement la s
000007e0: 65 75 6c 65 20 71 75 69 20 69 6e 74 c3 a8 67 72  eule qui int..gr
000007f0: 65 20 6c 65 73 20 c3 a9 6c c3 a9 6d 65 6e 74 73  e les ..l..ments
00000800: 20 67 72 61 70 68 69 71 75 65 73 20 6e c3 a9 63   graphiques n..c
00000810: 65 73 73 61 69 72 65 73 20 70 6f 75 72 20 61 66  essaires pour af
00000820: 66 69 63 68 65 72 20 6c 65 20 70 61 6e 6e 65 61  ficher le pannea
00000830: 75 20 64 e2 80 99 69 6e 66 6f 72 6d 61 74 69 6f  u d...informatio
00000840: 6e 73 20 64 c3 a9 72 6f 75 6c 61 6e 74 2e 1b 00  ns d..roulant...
00000850: 44 6f 63 49 6e 66 6f 2f 48 6f 77 54 6f 50 6c 61  DocInfo/HowToPla
00000860: 79 41 64 76 61 6e 63 65 64 30 32 52 46 72 66 75  yAdvanced02RFrfu
00000870: 00 56 65 75 69 6c 6c 65 7a 20 76 6f 75 73 20 72  .Veuillez vous r
00000880: c3 a9 66 c3 a9 72 65 72 20 c3 a0 20 6c 61 20 64  ..f..rer .. la d
00000890: 6f 63 75 6d 65 6e 74 61 74 69 6f 6e 20 65 6e 20  ocumentation en 
000008a0: 6c 69 67 6e 65 20 70 6f 75 72 20 6c 65 73 20 69  ligne pour les i
000008b0: 6e 73 74 72 75 63 74 69 6f 6e 73 20 64 e2 80 99  nstructions d...
000008c0: 75 74 69 6c 69 73 61 74 69 6f 6e 20 64 65 73 20  utilisation des 
000008d0: 66 69 63 68 69 65 72 73 20 4c 6f 67 6f 73 2e 53  fichiers Logos.S
000008e0: 43 32 4d 6f 64 2e 18 00 44 6f 63 49 6e 66 6f 2f  C2Mod...DocInfo/
000008f0: 48 6f 77 54 6f 50 6c 61 79 42 61 73 69 63 30 30  HowToPlayBasic00
00000900: 52 46 72 66 86 00 50 6f 75 72 20 75 74 69 6c 69  RFrf..Pour utili
00000910: 73 65 72 20 75 6e 65 20 69 6e 74 65 72 66 61 63  ser une interfac
00000920: 65 20 70 65 72 73 6f 6e 6e 61 6c 69 73 c3 a9 65  e personnalis..e
00000930: 2c 20 72 65 6e 64 65 7a 2d 76 6f 75 73 20 64 61  , rendez-vous da
00000940: 6e 73 20 6c 65 73 20 6f 70 74 69 6f 6e 73 20 64  ns les options d
00000950: 65 20 6a 65 75 20 65 74 20 63 68 6f 69 73 69 73  e jeu et choisis
00000960: 73 65 7a 20 75 6e 65 20 69 6e 74 65 72 66 61 63  sez une interfac
00000970: 65 20 64 61 6e 73 20 6c 65 20 6d 65 6e 75 20 64  e dans le menu d
00000980: c3 a9 72 6f 75 6c 61 6e 74 c2 a0 21 10 00 44 6f  ..roulant..!..Do
00000990: 63 49 6e 66 6f 2f 44 65 73 63 4c 6f 6e 67 52 46  cInfo/DescLongRF
000009a0: 72 66 ae 01 57 43 53 20 47 61 6d 65 68 65 61 72  rf..WCS Gamehear
000009b0: 74 20 65 73 74 20 75 6e 20 6d 6f 64 75 6c 65 20  t est un module 
000009c0: 64 65 20 63 61 72 74 65 20 63 6f 6e c3 a7 75 20  de carte con..u 
000009d0: 70 6f 75 72 20 61 6d c3 a9 6c 69 6f 72 65 72 20  pour am..liorer 
000009e0: 6c 65 20 72 c3 b4 6c 65 20 64 65 20 73 70 65 63  le r..le de spec
000009f0: 74 61 74 65 75 72 20 64 61 6e 73 20 53 74 61 72  tateur dans Star
00000a00: 43 72 61 66 74 20 32 2e 3c 6e 2f 3e 3c 6e 2f 3e  Craft 2.<n/><n/>
00000a10: 42 6c 69 7a 7a 61 72 64 20 45 6e 74 65 72 74 61  Blizzard Enterta
00000a20: 69 6e 6d 65 6e 74 20 61 69 6d 65 72 61 69 74 20  inment aimerait 
00000a30: 72 65 6d 65 72 63 69 65 72 20 65 74 20 73 61 6c  remercier et sal
00000a40: 75 65 72 20 6c 65 73 20 6d 65 6d 62 72 65 73 20  uer les membres 
00000a50: 64 65 20 6c 61 20 63 6f 6d 6d 75 6e 61 75 74 c3  de la communaut.
00000a60: a9 20 52 79 61 6e 20 53 63 68 75 74 74 65 72 2c  . Ryan Schutter,
00000a70: 20 43 68 72 69 73 74 6f 70 68 20 41 68 6c 65 72   Christoph Ahler
00000a80: 73 2c 20 50 68 69 6c 69 70 20 54 61 6e 2c 20 4e  s, Philip Tan, N
00000a90: 69 63 6b 20 4d 6f 68 72 2c 20 6c 65 20 6c 61 62  ick Mohr, le lab
00000aa0: 6f 20 64 65 20 6a 65 75 20 64 75 20 4d 49 54 2c  o de jeu du MIT,
00000ab0: 20 4d 69 6c 6f 76 20 56 61 73 79 61 20 65 74 20   Milov Vasya et 
00000ac0: 50 65 64 72 6f 20 5a 65 61 20 70 6f 75 72 20 6c  Pedro Zea pour l
00000ad0: 65 75 72 20 74 72 61 76 61 69 6c 20 65 78 74 72  eur travail extr
00000ae0: 61 6f 72 64 69 6e 61 69 72 65 20 73 75 72 20 6c  aordinaire sur l
00000af0: 65 20 6d 6f 64 20 47 61 6d 65 68 65 61 72 74 20  e mod Gameheart 
00000b00: 6f 72 69 67 69 6e 61 6c 2e 3c 6e 2f 3e 3c 6e 2f  original.<n/><n/
00000b10: 3e 43 65 72 74 61 69 6e 65 73 20 70 61 72 74 69  >Certaines parti
00000b20: 65 73 20 64 75 20 6d 6f 64 20 73 6f 6e 74 20 66  es du mod sont f
00000b30: 6f 75 72 6e 69 65 73 20 70 61 72 20 6c 65 20 6c  ournies par le l
00000b40: 61 62 6f 20 64 65 20 6a 65 75 20 64 75 20 4d 49  abo de jeu du MI
00000b50: 54 2e 18 00 44 6f 63 49 6e 66 6f 2f 48 6f 77 54  T...DocInfo/HowT
00000b60: 6f 50 6c 61 79 42 61 73 69 63 30 32 52 46 72 66  oPlayBasic02RFrf
00000b70: 87 00 50 6f 75 72 20 75 74 69 6c 69 73 65 72 20  ..Pour utiliser 
00000b80: 64 65 73 20 6c 6f 67 6f 73 20 64 e2 80 99 c3 a9  des logos d.....
00000b90: 71 75 69 70 65 20 65 74 20 64 65 20 6c 69 67 75  quipe et de ligu
00000ba0: 65 2c 20 76 6f 75 73 20 64 65 76 65 7a 20 70 6c  e, vous devez pl
00000bb0: 61 63 65 72 20 75 6e 20 66 69 63 68 69 65 72 20  acer un fichier 
00000bc0: 4c 6f 67 6f 73 2e 53 43 32 4d 6f 64 20 64 61 6e  Logos.SC2Mod dan
00000bd0: 73 20 76 6f 74 72 65 20 64 6f 73 73 69 65 72 20  s votre dossier 
00000be0: 44 6f 63 75 6d 65 6e 74 73 2f 53 74 61 72 63 72  Documents/Starcr
00000bf0: 61 66 74 20 49 49 c2 a0 21 18 00 44 6f 63 49 6e  aft II..!..DocIn
00000c00: 66 6f 2f 48 6f 77 54 6f 50 6c 61 79 42 61 73 69  fo/HowToPlayBasi
00000c10: 63 30 31 52 46 72 66 8f 00 50 6f 75 72 20 64 65  c01RFrf..Pour de
00000c20: 73 20 63 6f 75 6c 65 75 72 73 20 64 e2 80 99 c3  s couleurs d....
00000c30: a9 71 75 69 70 65 20 70 6c 75 73 20 6d 61 72 71  .quipe plus marq
00000c40: 75 c3 a9 65 73 2c 20 72 65 6e 64 65 7a 2d 76 6f  u..es, rendez-vo
00000c50: 75 73 20 64 61 6e 73 20 6c 65 73 20 6f 70 74 69  us dans les opti
00000c60: 6f 6e 73 20 64 65 20 6a 65 75 20 65 74 20 61 6a  ons de jeu et aj
00000c70: 75 73 74 65 7a 20 6c e2 80 99 6f 70 74 69 6f 6e  ustez l...option
00000c80: 20 49 6e 74 65 6e 73 69 74 c3 a9 20 64 65 20 6c   Intensit.. de l
00000c90: 61 20 63 6f 75 6c 65 75 72 20 64 e2 80 99 c3 a9  a couleur d.....
00000ca0: 71 75 69 70 65 c2 a0 21 14 00 44 6f 63 49 6e 66  quipe..!..DocInf
00000cb0: 6f 2f 53 63 72 65 65 6e 73 68 6f 74 30 34 52 46  o/Screenshot04RF
00000cc0: 72 66 7c 00 44 65 73 20 6e 6f 74 69 66 69 63 61  rf|.Des notifica
00000cd0: 74 69 6f 6e 73 20 71 75 69 20 76 6f 75 73 20 61  tions qui vous a
00000ce0: 6c 65 72 74 65 6e 74 20 70 6f 75 72 20 76 6f 75  lertent pour vou
00000cf0: 73 20 64 69 72 65 20 63 6f 6d 62 69 65 6e 20 64  s dire combien d
00000d00: e2 80 99 6f 75 76 72 69 65 72 73 20 75 6e 20 6a  ...ouvriers un j
00000d10: 6f 75 65 75 72 20 61 20 70 65 72 64 75 73 20 6c  oueur a perdus l
00000d20: 6f 72 73 20 64 65 20 73 6f 6e 20 64 65 72 6e 69  ors de son derni
00000d30: 65 72 20 61 66 66 72 6f 6e 74 65 6d 65 6e 74 2e  er affrontement.
00000d40: 14 00 44 6f 63 49 6e 66 6f 2f 53 63 72 65 65 6e  ..DocInfo/Screen
00000d50: 73 68 6f 74 30 31 52 46 72 66 91 00 49 63 c3 b4  shot01RFrf..Ic..
00000d60: 6e 65 73 20 70 6c 61 63 c3 a9 65 73 20 61 75 2d  nes plac..es au-
00000d70: 64 65 73 73 75 73 20 64 65 73 20 62 c3 a2 74 69  dessus des b..ti
00000d80: 6d 65 6e 74 73 20 69 6e 64 69 71 75 61 6e 74 20  ments indiquant 
00000d90: 63 65 20 71 75 e2 80 99 69 6c 73 20 73 6f 6e 74  ce qu...ils sont
00000da0: 20 65 6e 20 74 72 61 69 6e 20 64 65 20 70 72 6f   en train de pro
00000db0: 64 75 69 72 65 20 6f 75 20 72 65 63 68 65 72 63  duire ou recherc
00000dc0: 68 65 72 20 71 75 61 6e 64 20 6c 65 75 72 20 62  her quand leur b
00000dd0: 61 72 72 65 20 64 65 20 73 74 61 74 75 74 20 65  arre de statut e
00000de0: 73 74 20 61 66 66 69 63 68 c3 a9 65 2e 14 00 44  st affich..e...D
00000df0: 6f 63 49 6e 66 6f 2f 53 63 72 65 65 6e 73 68 6f  ocInfo/Screensho
00000e00: 74 30 32 52 46 72 66 6f 00 44 65 73 20 6e 6f 74  t02RFrfo.Des not
00000e10: 69 66 69 63 61 74 69 6f 6e 73 20 71 75 69 20 76  ifications qui v
00000e20: 6f 75 73 20 61 6c 65 72 74 65 6e 74 20 71 75 61  ous alertent qua
00000e30: 6e 64 20 64 65 73 20 61 6d c3 a9 6c 69 6f 72 61  nd des am..liora
00000e40: 74 69 6f 6e 73 20 73 6f 6e 74 20 65 6e 20 63 6f  tions sont en co
00000e50: 75 72 73 2c 20 74 65 72 6d 69 6e c3 a9 65 73 2c  urs, termin..es,
00000e60: 20 61 6e 6e 75 6c c3 a9 65 73 20 6f 75 20 72 65   annul..es ou re
00000e70: 66 75 73 c3 a9 65 73 2e 0c 00 44 6f 63 49 6e 66  fus..es...DocInf
00000e80: 6f 2f 4e 61 6d 65 45 44 65 64 0d 00 57 43 53 20  o/NameEDed..WCS 
00000e90: 47 61 6d 65 48 65 61 72 74 1b 00 44 6f 63 49 6e  GameHeart..DocIn
00000ea0: 66 6f 2f 48 6f 77 54 6f 50 6c 61 79 41 64 76 61  fo/HowToPlayAdva
00000eb0: 6e 63 65 64 30 31 45 44 65 64 73 00 4c 6f 67 6f  nced01EDeds.Logo
00000ec0: 73 2e 53 43 32 4d 6f 64 20 69 73 74 20 65 69 6e  s.SC2Mod ist ein
00000ed0: 65 20 62 65 73 6f 6e 64 65 72 65 20 41 72 74 20  e besondere Art 
00000ee0: 4d 6f 64 2d 44 61 74 65 69 2c 20 64 69 65 20 69  Mod-Datei, die i
00000ef0: 6d 20 5a 75 73 63 68 61 75 65 72 6d 6f 64 75 73  m Zuschauermodus
00000f00: 20 64 69 65 20 41 6e 7a 65 69 67 65 20 76 6f 6e   die Anzeige von
00000f10: 20 4c 6f 67 6f 73 20 61 75 66 20 64 65 72 20 4b   Logos auf der K
00000f20: 61 72 74 65 20 76 65 72 77 61 6c 74 65 74 2e 1b  arte verwaltet..
00000f30: 00 44 6f 63 49 6e 66 6f 2f 48 6f 77 54 6f 50 6c  .DocInfo/HowToPl
00000f40: 61 79 41 64 76 61 6e 63 65 64 30 30 45 44 65 64  ayAdvanced00EDed
00000f50: 84 00 4d 6f 6d 65 6e 74 61 6e 20 73 69 6e 64 20  ..Momentan sind 
00000f60: 6e 75 72 20 69 6d 20 49 6e 74 65 72 66 61 63 65  nur im Interface
00000f70: 20 22 57 43 53 20 32 2e 30 22 20 64 69 65 20 6e   "WCS 2.0" die n
00000f80: c3 b6 74 69 67 65 6e 20 55 49 2d 45 6c 65 6d 65  ..tigen UI-Eleme
00000f90: 6e 74 65 20 76 6f 72 68 61 6e 64 65 6e 2c 20 75  nte vorhanden, u
00000fa0: 6d 20 64 69 65 20 4c 65 69 73 74 65 20 6d 69 74  m die Leiste mit
00000fb0: 20 77 65 63 68 73 65 6c 6e 64 65 6e 20 49 6e 66   wechselnden Inf
00000fc0: 6f 72 6d 61 74 69 6f 6e 65 6e 20 61 6e 7a 75 7a  ormationen anzuz
00000fd0: 65 69 67 65 6e 2e 1b 00 44 6f 63 49 6e 66 6f 2f  eigen...DocInfo/
00000fe0: 48 6f 77 54 6f 50 6c 61 79 41 64 76 61 6e 63 65  HowToPlayAdvance
00000ff0: 64 30 32 45 44 65 64 6c 00 42 69 74 74 65 20 6c  d02EDedl.Bitte l
00001000: 65 73 65 6e 20 53 69 65 20 64 69 65 20 4f 6e 6c  esen Sie die Onl
00001010: 69 6e 65 2d 44 6f 6b 75 6d 65 6e 74 61 74 69 6f  ine-Dokumentatio
00001020: 6e 2c 20 75 6d 20 7a 75 20 65 72 66 61 68 72 65  n, um zu erfahre
00001030: 6e 2c 20 77 69 65 20 4c 6f 67 6f 73 2e 53 43 32  n, wie Logos.SC2
00001040: 4d 6f 64 2d 44 61 74 65 69 65 6e 20 76 65 72 77  Mod-Dateien verw
00001050: 65 6e 64 65 74 20 77 65 72 64 65 6e 20 6b c3 b6  endet werden k..
00001060: 6e 6e 65 6e 2e 18 00 44 6f 63 49 6e 66 6f 2f 48  nnen...DocInfo/H
00001070: 6f 77 54 6f 50 6c 61 79 42 61 73 69 63 30 30 45  owToPlayBasic00E
00001080: 44 65 64 63 00 42 65 6e 75 74 7a 65 72 64 65 66  Dedc.Benutzerdef
00001090: 69 6e 69 65 72 74 65 20 49 6e 74 65 72 66 61 63  inierte Interfac
000010a0: 65 73 20 6b c3 b6 6e 6e 65 6e 20 53 69 65 20 69  es k..nnen Sie i
000010b0: 6e 20 65 69 6e 65 6d 20 44 72 6f 70 64 6f 77 6e  n einem Dropdown
000010c0: 2d 4d 65 6e c3 bc 20 64 65 72 20 47 61 6d 65 70  -Men.. der Gamep
000010d0: 6c 61 79 2d 4f 70 74 69 6f 6e 65 6e 20 61 75 73  lay-Optionen aus
000010e0: 77 c3 a4 68 6c 65 6e 2e 10 00 44 6f 63 49 6e 66  w..hlen...DocInf
000010f0: 6f 2f 44 65 73 63 4c 6f 6e 67 45 44 65 64 70 01  o/DescLongEDedp.
00001100: 57 43 53 20 47 61 6d 65 48 65 61 72 74 20 69 73  WCS GameHeart is
00001110: 74 20 65 69 6e 20 41 64 64 6f 6e 2c 20 64 61 73  t ein Addon, das
00001120: 20 64 61 73 20 5a 75 73 63 68 61 75 65 72 2d 49   das Zuschauer-I
00001130: 6e 74 65 72 66 61 63 65 20 76 6f 6e 20 53 74 61  nterface von Sta
00001140: 72 43 72 61 66 74 20 49 49 20 76 65 72 62 65 73  rCraft II verbes
00001150: 73 65 72 74 2e 3c 6e 2f 3e 3c 6e 2f 3e 42 6c 69  sert.<n/><n/>Bli
00001160: 7a 7a 61 72 64 20 45 6e 74 65 72 74 61 69 6e 6d  zzard Entertainm
00001170: 65 6e 74 20 6d c3 b6 63 68 74 65 20 43 6f 6d 6d  ent m..chte Comm
00001180: 75 6e 69 74 79 2d 4d 69 74 67 6c 69 65 64 65 72  unity-Mitglieder
00001190: 6e 20 52 79 61 6e 20 53 63 68 75 74 74 65 72 2c  n Ryan Schutter,
000011a0: 20 43 68 72 69 73 74 6f 70 68 20 41 68 6c 65 72   Christoph Ahler
000011b0: 73 2c 20 50 68 69 6c 69 70 20 54 61 6e 2c 20 4e  s, Philip Tan, N
000011c0: 69 63 6b 20 4d 6f 68 72 2c 20 4d 49 54 20 47 61  ick Mohr, MIT Ga
000011d0: 6d 65 20 4c 61 62 2c 20 4d 69 6c 6f 76 20 56 61  me Lab, Milov Va
000011e0: 73 79 61 20 75 6e 64 20 50 65 64 72 6f 20 5a 65  sya und Pedro Ze
000011f0: 61 20 66 c3 bc 72 20 69 68 72 65 20 75 6e 67 6c  a f..r ihre ungl
00001200: 61 75 62 6c 69 63 68 65 20 41 72 62 65 69 74 20  aubliche Arbeit 
00001210: 61 6e 20 64 65 72 20 75 72 73 70 72 c3 bc 6e 67  an der urspr..ng
00001220: 6c 69 63 68 65 6e 20 47 61 6d 65 48 65 61 72 74  lichen GameHeart
00001230: 2d 4d 6f 64 20 68 65 72 7a 6c 69 63 68 20 64 61  -Mod herzlich da
00001240: 6e 6b 65 6e 2e 3c 6e 2f 3e 3c 6e 2f 3e 54 65 69  nken.<n/><n/>Tei
00001250: 6c 65 20 76 6f 6e 20 4d 49 54 20 47 61 6d 65 20  le von MIT Game 
00001260: 4c 61 62 20 62 65 69 67 65 74 72 61 67 65 6e 2e  Lab beigetragen.
00001270: 18 00 44 6f 63 49 6e 66 6f 2f 48 6f 77 54 6f 50  ..DocInfo/HowToP
00001280: 6c 61 79 42 61 73 69 63 30 32 45 44 65 64 7e 00  layBasic02EDed~.
00001290: 44 61 6d 69 74 20 54 65 61 6d 2d 20 75 6e 64 20  Damit Team- und 
000012a0: 4c 69 67 65 6e 6c 6f 67 6f 73 20 61 6e 67 65 7a  Ligenlogos angez
000012b0: 65 69 67 74 20 77 65 72 64 65 6e 2c 20 6d 75 73  eigt werden, mus
000012c0: 73 20 69 6d 20 56 65 72 7a 65 69 63 68 6e 69 73  s im Verzeichnis
000012d0: 20 44 6f 6b 75 6d 65 6e 74 65 2f 53 74 61 72 43   Dokumente/StarC
000012e0: 72 61 66 74 20 49 49 20 65 69 6e 65 20 4c 6f 67  raft II eine Log
000012f0: 6f 73 2e 53 43 32 4d 6f 64 2d 44 61 74 65 69 20  os.SC2Mod-Datei 
00001300: 61 62 67 65 6c 65 67 74 20 73 65 69 6e 2e 18 00  abgelegt sein...
00001310: 44 6f 63 49 6e 66 6f 2f 48 6f 77 54 6f 50 6c 61  DocInfo/HowToPla
00001320: 79 42 61 73 69 63 30 31 45 44 65 64 80 00 57 65  yBasic01EDed..We
00001330: 6e 6e 20 53 69 65 20 6d c3 b6 63 68 74 65 6e 2c  nn Sie m..chten,
00001340: 20 64 61 73 73 20 64 69 65 20 54 65 61 6d 66 61   dass die Teamfa
00001350: 72 62 65 6e 20 73 74 c3 a4 72 6b 65 72 20 68 65  rben st..rker he
00001360: 72 76 6f 72 73 74 65 63 68 65 6e 2c 20 6b c3 b6  rvorstechen, k..
00001370: 6e 6e 65 6e 20 53 69 65 20 69 6e 20 64 65 6e 20  nnen Sie in den 
00001380: 47 61 6d 65 70 6c 61 79 2d 4f 70 74 69 6f 6e 65  Gameplay-Optione
00001390: 6e 20 69 68 72 65 20 49 6e 74 65 6e 73 69 74 c3  n ihre Intensit.
000013a0: a4 74 20 65 69 6e 73 74 65 6c 6c 65 6e 2e 14 00  .t einstellen...
000013b0: 44 6f 63 49 6e 66 6f 2f 53 63 72 65 65 6e 73 68  DocInfo/Screensh
000013c0: 6f 74 30 34 45 44 65 64 5e 00 42 65 6e 61 63 68  ot04EDed^.Benach
000013d0: 72 69 63 68 74 69 67 75 6e 67 65 6e 2c 20 64 69  richtigungen, di
000013e0: 65 20 61 6e 67 65 62 65 6e 2c 20 77 69 65 20 76  e angeben, wie v
000013f0: 69 65 6c 65 20 41 72 62 65 69 74 65 72 20 65 69  iele Arbeiter ei
00001400: 6e 20 53 70 69 65 6c 65 72 20 69 6d 20 6c 65 74  n Spieler im let
00001410: 7a 74 65 6e 20 4b 61 6d 70 66 20 76 65 72 6c 6f  zten Kampf verlo
00001420: 72 65 6e 20 68 61 74 2e 14 00 44 6f 63 49 6e 66  ren hat...DocInf
00001430: 6f 2f 53 63 72 65 65 6e 73 68 6f 74 30 31 45 44  o/Screenshot01ED
00001440: 65 64 9f 00 53 79 6d 62 6f 6c 65 20 61 75 66 20  ed..Symbole auf 
00001450: 47 65 62 c3 a4 75 64 65 6e 2c 20 64 69 65 20 61  Geb..uden, die a
00001460: 6e 7a 65 69 67 65 6e 2c 20 77 65 6c 63 68 65 20  nzeigen, welche 
00001470: 45 69 6e 68 65 69 74 65 6e 20 61 75 73 67 65 62  Einheiten ausgeb
00001480: 69 6c 64 65 74 20 62 7a 77 2e 20 77 65 6c 63 68  ildet bzw. welch
00001490: 65 20 55 70 67 72 61 64 65 73 20 65 72 66 6f 72  e Upgrades erfor
000014a0: 73 63 68 74 20 77 65 72 64 65 6e 2c 20 73 6f 6c  scht werden, sol
000014b0: 61 6e 67 65 20 64 69 65 20 53 74 61 74 75 73 6c  ange die Statusl
000014c0: 65 69 73 74 65 20 64 65 73 20 47 65 62 c3 a4 75  eiste des Geb..u
000014d0: 64 65 73 20 61 6e 67 65 7a 65 69 67 74 20 77 69  des angezeigt wi
000014e0: 72 64 2e 14 00 44 6f 63 49 6e 66 6f 2f 53 63 72  rd...DocInfo/Scr
000014f0: 65 65 6e 73 68 6f 74 30 32 45 44 65 64 73 00 42  eenshot02EDeds.B
00001500: 65 6e 61 63 68 72 69 63 68 74 69 67 75 6e 67 65  enachrichtigunge
00001510: 6e 2c 20 77 65 6e 6e 20 55 70 67 72 61 64 65 73  n, wenn Upgrades
00001520: 20 62 61 6c 64 20 61 62 67 65 73 63 68 6c 6f 73   bald abgeschlos
00001530: 73 65 6e 20 77 65 72 64 65 6e 20 62 7a 77 2e 20  sen werden bzw. 
00001540: 61 62 67 65 73 63 68 6c 6f 73 73 65 6e 2c 20 61  abgeschlossen, a
00001550: 62 67 65 62 72 6f 63 68 65 6e 20 6f 64 65 72 20  bgebrochen oder 
00001560: 76 65 72 77 65 69 67 65 72 74 20 77 75 72 64 65  verweigert wurde
00001570: 6e 2e 0c 00 44 6f 63 49 6e 66 6f 2f 4e 61 6d 65  n...DocInfo/Name
00001580: 53 45 73 65 0d 00 57 43 53 20 47 61 6d 65 48 65  SEse..WCS GameHe
00001590: 61 72 74 1b 00 44 6f 63 49 6e 66 6f 2f 48 6f 77  art..DocInfo/How
000015a0: 54 6f 50 6c 61 79 41 64 76 61 6e 63 65 64 30 31  ToPlayAdvanced01
000015b0: 53 45 73 65 80 00 4c 6f 67 6f 73 2e 53 43 32 4d  SEse..Logos.SC2M
000015c0: 6f 64 20 65 73 20 75 6e 20 74 69 70 6f 20 64 65  od es un tipo de
000015d0: 20 61 72 63 68 69 76 6f 20 64 65 20 6d 6f 64 20   archivo de mod 
000015e0: 65 73 70 65 63 69 61 6c 20 71 75 65 20 67 65 73  especial que ges
000015f0: 74 69 6f 6e 61 20 6c 61 20 76 69 73 75 61 6c 69  tiona la visuali
00001600: 7a 61 63 69 c3 b3 6e 20 64 65 20 6c 6f 67 6f 74  zaci..n de logot
00001610: 69 70 6f 73 20 65 6e 20 65 6c 20 6d 61 70 61 20  ipos en el mapa 
00001620: 70 61 72 61 20 6c 6f 73 20 6f 62 73 65 72 76 61  para los observa
00001630: 64 6f 72 65 73 2e 1b 00 44 6f 63 49 6e 66 6f 2f  dores...DocInfo/
00001640: 48 6f 77 54 6f 50 6c 61 79 41 64 76 61 6e 63 65  HowToPlayAdvance
00001650: 64 30 30 53 45 73 65 8a 00 4c 61 20 69 6e 74 65  d00SEse..La inte
00001660: 72 66 61 7a 20 57 43 53 20 32 2e 30 20 65 73 20  rfaz WCS 2.0 es 
00001670: 61 63 74 75 61 6c 6d 65 6e 74 65 20 6c 61 20 c3  actualmente la .
00001680: ba 6e 69 63 61 20 71 75 65 20 63 75 65 6e 74 61  .nica que cuenta
00001690: 20 63 6f 6e 20 6c 6f 73 20 65 6c 65 6d 65 6e 74   con los element
000016a0: 6f 73 20 64 65 20 49 55 20 6e 65 63 65 73 61 72  os de IU necesar
000016b0: 69 6f 73 20 70 61 72 61 20 6d 6f 73 74 72 61 72  ios para mostrar
000016c0: 20 65 6c 20 70 61 6e 65 6c 20 64 65 20 69 6e 66   el panel de inf
000016d0: 6f 72 6d 61 63 69 c3 b3 6e 20 65 6e 20 63 69 63  ormaci..n en cic
000016e0: 6c 6f 2e 1b 00 44 6f 63 49 6e 66 6f 2f 48 6f 77  lo...DocInfo/How
000016f0: 54 6f 50 6c 61 79 41 64 76 61 6e 63 65 64 30 32  ToPlayAdvanced02
00001700: 53 45 73 65 5b 00 43 6f 6e 73 75 6c 74 61 20 6c  SEse[.Consulta l
00001710: 61 20 69 6e 66 6f 72 6d 61 63 69 c3 b3 6e 20 65  a informaci..n e
00001720: 6e 20 6c c3 ad 6e 65 61 20 73 69 20 71 75 69 65  n l..nea si quie
00001730: 72 65 73 20 61 76 65 72 69 67 75 61 72 20 63 c3  res averiguar c.
00001740: b3 6d 6f 20 75 73 61 72 20 75 6e 20 61 72 63 68  .mo usar un arch
00001750: 69 76 6f 20 4c 6f 67 6f 73 2e 53 43 32 4d 6f 64  ivo Logos.SC2Mod
00001760: 2e 18 00 44 6f 63 49 6e 66 6f 2f 48 6f 77 54 6f  ...DocInfo/HowTo
00001770: 50 6c 61 79 42 61 73 69 63 30 30 53 45 73 65 6f  PlayBasic00SEseo
00001780: 00 c2 a1 50 61 72 61 20 6f 62 74 65 6e 65 72 20  ...Para obtener 
00001790: 75 6e 61 20 69 6e 74 65 72 66 61 7a 20 70 65 72  una interfaz per
000017a0: 73 6f 6e 61 6c 69 7a 61 64 61 2c 20 76 65 20 61  sonalizada, ve a
000017b0: 20 6c 61 73 20 6f 70 63 69 6f 6e 65 73 20 64 65   las opciones de
000017c0: 20 6a 75 65 67 6f 20 79 20 73 65 6c 65 63 63 69   juego y selecci
000017d0: 6f 6e 61 20 75 6e 61 20 65 6e 20 65 6c 20 6d 65  ona una en el me
000017e0: 6e c3 ba 20 64 65 73 70 6c 65 67 61 62 6c 65 21  n.. desplegable!
000017f0: 10 00 44 6f 63 49 6e 66 6f 2f 44 65 73 63 4c 6f  ..DocInfo/DescLo
00001800: 6e 67 53 45 73 65 ba 01 57 43 53 20 47 61 6d 65  ngSEse..WCS Game
00001810: 48 65 61 72 74 20 65 73 20 75 6e 20 6d 6f 64 20  Heart es un mod 
00001820: 64 65 20 65 78 74 65 6e 73 69 c3 b3 6e 20 64 69  de extensi..n di
00001830: 73 65 c3 b1 61 64 6f 20 70 61 72 61 20 6d 65 6a  se..ado para mej
00001840: 6f 72 61 72 20 6c 61 20 65 78 70 65 72 69 65 6e  orar la experien
00001850: 63 69 61 20 63 6f 6d 6f 20 65 73 70 65 63 74 61  cia como especta
00001860: 64 6f 72 20 64 65 20 53 74 61 72 43 72 61 66 74  dor de StarCraft
00001870: 20 49 49 2e 3c 6e 2f 3e 3c 6e 2f 3e 41 20 42 6c   II.<n/><n/>A Bl
00001880: 69 7a 7a 61 72 64 20 45 6e 74 65 72 74 61 69 6e  izzard Entertain
00001890: 6d 65 6e 74 20 6c 65 20 67 75 73 74 61 72 c3 ad  ment le gustar..
000018a0: 61 20 65 78 70 72 65 73 61 72 20 73 75 20 61 67  a expresar su ag
000018b0: 72 61 64 65 63 69 6d 69 65 6e 74 6f 20 79 20 72  radecimiento y r
000018c0: 65 63 6f 6e 6f 63 69 6d 69 65 6e 74 6f 20 61 20  econocimiento a 
000018d0: 6c 6f 73 20 6d 69 65 6d 62 72 6f 73 20 64 65 20  los miembros de 
000018e0: 6c 61 20 63 6f 6d 75 6e 69 64 61 64 20 52 79 61  la comunidad Rya
000018f0: 6e 20 53 63 68 75 74 74 65 72 2c 20 43 68 72 69  n Schutter, Chri
00001900: 73 74 6f 70 68 20 41 68 6c 65 72 73 2c 20 50 68  stoph Ahlers, Ph
00001910: 69 6c 69 70 20 54 61 6e 2c 20 4e 69 63 6b 20 4d  ilip Tan, Nick M
00001920: 6f 68 72 2c 20 54 68 65 20 4d 49 54 20 47 61 6d  ohr, The MIT Gam
00001930: 65 20 4c 61 62 2c 20 4d 69 6c 6f 76 20 56 61 73  e Lab, Milov Vas
00001940: 79 61 20 79 20 50 65 64 72 6f 20 5a 65 61 20 70  ya y Pedro Zea p
00001950: 6f 72 20 73 75 20 66 61 6e 74 c3 a1 73 74 69 63  or su fant..stic
00001960: 6f 20 74 72 61 62 61 6a 6f 20 65 6e 20 65 6c 20  o trabajo en el 
00001970: 6d 6f 64 20 47 61 6d 65 48 65 61 72 74 20 6f 72  mod GameHeart or
00001980: 69 67 69 6e 61 6c 2e 3c 6e 2f 3e 3c 6e 2f 3e 4d  iginal.<n/><n/>M
00001990: 49 54 20 47 61 6d 65 20 4c 61 62 20 68 61 20 63  IT Game Lab ha c
000019a0: 6f 6e 74 72 69 62 75 69 64 6f 20 65 6e 20 70 61  ontribuido en pa
000019b0: 72 74 65 73 20 64 65 6c 20 70 72 6f 79 65 63 74  rtes del proyect
000019c0: 6f 2e 18 00 44 6f 63 49 6e 66 6f 2f 48 6f 77 54  o...DocInfo/HowT
000019d0: 6f 50 6c 61 79 42 61 73 69 63 30 32 53 45 73 65  oPlayBasic02SEse
000019e0: 72 00 c2 a1 50 61 72 61 20 6f 62 74 65 6e 65 72  r...Para obtener
000019f0: 20 6c 6f 67 6f 74 69 70 6f 73 20 64 65 20 65 71   logotipos de eq
00001a00: 75 69 70 6f 73 20 79 20 6c 69 67 61 73 2c 20 63  uipos y ligas, c
00001a10: 6f 6c 6f 63 61 20 75 6e 20 61 72 63 68 69 76 6f  oloca un archivo
00001a20: 20 4c 6f 67 6f 73 2e 53 43 32 4d 6f 64 20 65 6e   Logos.SC2Mod en
00001a30: 20 6c 61 20 63 61 72 70 65 74 61 20 44 6f 63 75   la carpeta Docu
00001a40: 6d 65 6e 74 6f 73 2f 53 74 61 72 63 72 61 66 74  mentos/Starcraft
00001a50: 20 49 49 21 18 00 44 6f 63 49 6e 66 6f 2f 48 6f   II!..DocInfo/Ho
00001a60: 77 54 6f 50 6c 61 79 42 61 73 69 63 30 31 53 45  wToPlayBasic01SE
00001a70: 73 65 7d 00 c2 a1 50 61 72 61 20 76 65 72 20 63  se}...Para ver c
00001a80: 6f 6c 6f 72 65 73 20 64 65 20 65 71 75 69 70 6f  olores de equipo
00001a90: 20 6d c3 a1 73 20 69 6e 74 65 6e 73 6f 73 2c 20   m..s intensos, 
00001aa0: 76 65 20 61 20 6c 61 73 20 6f 70 63 69 6f 6e 65  ve a las opcione
00001ab0: 73 20 64 65 20 6a 75 65 67 6f 20 79 20 61 6a 75  s de juego y aju
00001ac0: 73 74 61 20 6c 61 20 6f 70 63 69 c3 b3 6e 20 64  sta la opci..n d
00001ad0: 65 20 69 6e 74 65 6e 73 69 64 61 64 20 64 65 6c  e intensidad del
00001ae0: 20 63 6f 6c 6f 72 20 64 65 20 65 71 75 69 70 6f   color de equipo
00001af0: 21 14 00 44 6f 63 49 6e 66 6f 2f 53 63 72 65 65  !..DocInfo/Scree
00001b00: 6e 73 68 6f 74 30 34 53 45 73 65 77 00 4e 6f 74  nshot04SEsew.Not
00001b10: 69 66 69 63 61 63 69 6f 6e 65 73 20 64 65 20 6f  ificaciones de o
00001b20: 62 72 65 72 6f 73 20 6d 75 65 72 74 6f 73 20 71  breros muertos q
00001b30: 75 65 20 74 65 20 61 76 69 73 61 6e 20 64 65 20  ue te avisan de 
00001b40: 63 75 c3 a1 6e 74 6f 73 20 6f 62 72 65 72 6f 73  cu..ntos obreros
00001b50: 20 68 61 20 70 65 72 64 69 64 6f 20 75 6e 20 6a   ha perdido un j
00001b60: 75 67 61 64 6f 72 20 65 6e 20 65 6c 20 c3 ba 6c  ugador en el ..l
00001b70: 74 69 6d 6f 20 65 6e 66 72 65 6e 74 61 6d 69 65  timo enfrentamie
00001b80: 6e 74 6f 2e 14 00 44 6f 63 49 6e 66 6f 2f 53 63  nto...DocInfo/Sc
00001b90: 72 65 65 6e 73 68 6f 74 30 31 53 45 73 65 74 00  reenshot01SEset.
00001ba0: 4c 6f 73 20 69 63 6f 6e 6f 73 20 73 6f 62 72 65  Los iconos sobre
00001bb0: 20 6c 6f 73 20 65 64 69 66 69 63 69 6f 73 20 69   los edificios i
00001bc0: 6e 64 69 63 61 6e 20 71 75 c3 a9 20 65 73 74 c3  ndican qu.. est.
00001bd0: a1 6e 20 65 6e 74 72 65 6e 61 6e 64 6f 20 6f 20  .n entrenando o 
00001be0: 69 6e 76 65 73 74 69 67 61 6e 64 6f 20 6d 69 65  investigando mie
00001bf0: 6e 74 72 61 73 20 73 65 20 6d 75 65 73 74 72 61  ntras se muestra
00001c00: 20 73 75 20 62 61 72 72 61 20 64 65 20 65 73 74   su barra de est
00001c10: 61 64 6f 2e 14 00 44 6f 63 49 6e 66 6f 2f 53 63  ado...DocInfo/Sc
00001c20: 72 65 65 6e 73 68 6f 74 30 32 53 45 73 65 69 00  reenshot02SEsei.
00001c30: 4e 6f 74 69 66 69 63 61 63 69 6f 6e 65 73 20 64  Notificaciones d
00001c40: 65 20 6d 65 6a 6f 72 61 73 20 71 75 65 20 74 65  e mejoras que te
00001c50: 20 61 76 69 73 61 6e 20 63 75 61 6e 64 6f 20 73   avisan cuando s
00001c60: 65 20 76 61 6e 20 61 20 63 6f 6d 70 6c 65 74 61  e van a completa
00001c70: 72 2c 20 73 65 20 63 6f 6d 70 6c 65 74 61 6e 2c  r, se completan,
00001c80: 20 73 65 20 63 61 6e 63 65 6c 61 6e 20 6f 20 73   se cancelan o s
00001c90: 65 20 61 6e 75 6c 61 6e 2e 0c 00 44 6f 63 49 6e  e anulan...DocIn
00001ca0: 66 6f 2f 4e 61 6d 65 58 4d 73 65 0d 00 57 43 53  fo/NameXMse..WCS
00001cb0: 20 47 61 6d 65 48 65 61 72 74 1b 00 44 6f 63 49   GameHeart..DocI
00001cc0: 6e 66 6f 2f 48 6f 77 54 6f 50 6c 61 79 41 64 76  nfo/HowToPlayAdv
00001cd0: 61 6e 63 65 64 30 31 58 4d 73 65 7b 00 4c 6f 67  anced01XMse{.Log
00001ce0: 6f 73 2e 53 43 32 4d 6f 64 20 65 73 20 75 6e 20  os.SC2Mod es un 
00001cf0: 61 72 63 68 69 76 6f 20 64 65 20 6d 6f 64 20 65  archivo de mod e
00001d00: 73 70 65 63 69 61 6c 20 71 75 65 20 70 65 72 6d  special que perm
00001d10: 69 74 65 20 6d 6f 73 74 72 61 72 20 6c 6f 73 20  ite mostrar los 
00001d20: 6c 6f 67 6f 74 69 70 6f 73 20 65 6e 20 65 6c 20  logotipos en el 
00001d30: 6d 61 70 61 20 70 61 72 61 20 71 75 65 20 6c 6f  mapa para que lo
00001d40: 73 20 76 65 61 6e 20 6c 6f 73 20 6f 62 73 65 72  s vean los obser
00001d50: 76 61 64 6f 72 65 73 2e 1b 00 44 6f 63 49 6e 66  vadores...DocInf
00001d60: 6f 2f 48 6f 77 54 6f 50 6c 61 79 41 64 76 61 6e  o/HowToPlayAdvan
00001d70: 63 65 64 30 30 58 4d 73 65 85 00 4c 61 20 69 6e  ced00XMse..La in
00001d80: 74 65 72 66 61 7a 20 57 43 53 20 32 2e 30 20 65  terfaz WCS 2.0 e
00001d90: 73 20 6c 61 20 c3 ba 6e 69 63 61 20 71 75 65 20  s la ..nica que 
00001da0: 61 63 74 75 61 6c 6d 65 6e 74 65 20 74 69 65 6e  actualmente tien
00001db0: 65 20 6c 6f 73 20 65 6c 65 6d 65 6e 74 6f 73 20  e los elementos 
00001dc0: 64 65 20 49 55 20 6e 65 63 65 73 61 72 69 6f 73  de IU necesarios
00001dd0: 20 70 61 72 61 20 6d 6f 73 74 72 61 72 20 65 6c   para mostrar el
00001de0: 20 70 61 6e 65 6c 20 64 65 20 69 6e 66 6f 72 6d   panel de inform
00001df0: 61 63 69 c3 b3 6e 20 64 65 20 63 69 63 6c 6f 2e  aci..n de ciclo.
00001e00: 1b 00 44 6f 63 49 6e 66 6f 2f 48 6f 77 54 6f 50  ..DocInfo/HowToP
00001e10: 6c 61 79 41 64 76 61 6e 63 65 64 30 32 58 4d 73  layAdvanced02XMs
00001e20: 65 69 00 50 61 72 61 20 6f 62 74 65 6e 65 72 20  ei.Para obtener 
00001e30: 69 6e 73 74 72 75 63 63 69 6f 6e 65 73 20 73 6f  instrucciones so
00001e40: 62 72 65 20 65 6c 20 75 73 6f 20 64 65 6c 20 6d  bre el uso del m
00001e50: 6f 64 20 4c 6f 67 6f 73 2e 53 43 32 4d 6f 64 2c  od Logos.SC2Mod,
00001e60: 20 6c 65 65 20 6c 61 20 64 6f 63 75 6d 65 6e 74   lee la document
00001e70: 61 63 69 c3 b3 6e 20 64 69 73 70 6f 6e 69 62 6c  aci..n disponibl
00001e80: 65 20 65 6e 20 6c c3 ad 6e 65 61 2e 18 00 44 6f  e en l..nea...Do
00001e90: 63 49 6e 66 6f 2f 48 6f 77 54 6f 50 6c 61 79 42  cInfo/HowToPlayB
00001ea0: 61 73 69 63 30 30 58 4d 73 65 7a 00 53 69 20 71  asic00XMsez.Si q
00001eb0: 75 69 65 72 65 73 20 75 6e 61 20 69 6e 74 65 72  uieres una inter
00001ec0: 66 61 7a 20 70 65 72 73 6f 6e 61 6c 69 7a 61 64  faz personalizad
00001ed0: 61 2c 20 74 69 65 6e 65 73 20 71 75 65 20 61 63  a, tienes que ac
00001ee0: 63 65 64 65 72 20 61 20 6c 61 73 20 6f 70 63 69  ceder a las opci
00001ef0: 6f 6e 65 73 20 64 65 20 6a 75 65 67 6f 20 79 20  ones de juego y 
00001f00: 73 65 6c 65 63 63 69 6f 6e 61 72 20 75 6e 61 20  seleccionar una 
00001f10: 64 65 6c 20 6d 65 6e c3 ba 20 64 65 73 70 6c 65  del men.. desple
00001f20: 67 61 62 6c 65 2e 10 00 44 6f 63 49 6e 66 6f 2f  gable...DocInfo/
00001f30: 44 65 73 63 4c 6f 6e 67 58 4d 73 65 c2 01 57 43  DescLongXMse..WC
00001f40: 53 20 47 61 6d 65 48 65 61 72 74 20 65 73 20 75  S GameHeart es u
00001f50: 6e 20 6d 6f 64 20 64 65 20 65 78 74 65 6e 73 69  n mod de extensi
00001f60: c3 b3 6e 20 64 69 73 65 c3 b1 61 64 6f 20 70 61  ..n dise..ado pa
00001f70: 72 61 20 6d 65 6a 6f 72 61 72 20 6c 61 20 65 78  ra mejorar la ex
00001f80: 70 65 72 69 65 6e 63 69 61 20 64 65 6c 20 65 73  periencia del es
00001f90: 70 65 63 74 61 64 6f 72 20 64 65 20 53 74 61 72  pectador de Star
00001fa0: 43 72 61 66 74 20 32 2e 3c 6e 2f 3e 3c 6e 2f 3e  Craft 2.<n/><n/>
00001fb0: 42 6c 69 7a 7a 61 72 64 20 45 6e 74 65 72 74 61  Blizzard Enterta
00001fc0: 69 6e 6d 65 6e 74 20 71 75 69 65 72 65 20 61 67  inment quiere ag
00001fd0: 72 61 64 65 63 65 72 20 79 20 72 65 63 6f 6e 6f  radecer y recono
00001fe0: 63 65 72 20 61 20 6c 6f 73 20 6d 69 65 6d 62 72  cer a los miembr
00001ff0: 6f 73 20 64 65 20 6c 61 20 63 6f 6d 75 6e 69 64  os de la comunid
00002000: 61 64 20 52 79 61 6e 20 53 63 68 75 74 74 65 72  ad Ryan Schutter
00002010: 2c 20 43 68 72 69 73 74 6f 70 68 20 41 68 6c 65  , Christoph Ahle
00002020: 72 73 2c 20 50 68 69 6c 69 70 20 54 61 6e 2c 20  rs, Philip Tan, 
00002030: 4e 69 63 6b 20 4d 6f 68 72 2c 20 65 6c 20 6c 61  Nick Mohr, el la
00002040: 62 6f 72 61 74 6f 72 69 6f 20 64 65 20 6a 75 65  boratorio de jue
00002050: 67 6f 73 20 64 65 6c 20 4d 49 54 2c 20 4d 69 6c  gos del MIT, Mil
00002060: 6f 76 20 56 61 73 79 61 20 79 20 50 65 64 72 6f  ov Vasya y Pedro
00002070: 20 5a 65 61 20 70 6f 72 20 65 6c 20 74 72 61 62   Zea por el trab
00002080: 61 6a 6f 20 66 61 6e 74 c3 a1 73 74 69 63 6f 20  ajo fant..stico 
00002090: 71 75 65 20 72 65 61 6c 69 7a 61 72 6f 6e 20 63  que realizaron c
000020a0: 6f 6e 20 65 6c 20 6d 6f 64 20 47 61 6d 65 48 65  on el mod GameHe
000020b0: 61 72 74 20 6f 72 69 67 69 6e 61 6c 2e 3c 6e 2f  art original.<n/
000020c0: 3e 3c 6e 2f 3e 46 72 61 67 6d 65 6e 74 6f 73 20  ><n/>Fragmentos 
000020d0: 61 70 6f 72 74 61 64 6f 73 20 70 6f 72 20 65 6c  aportados por el
000020e0: 20 6c 61 62 6f 72 61 74 6f 72 69 6f 20 64 65 6c   laboratorio del
000020f0: 20 6a 75 65 67 6f 73 20 64 65 6c 20 4d 49 54 2e   juegos del MIT.
00002100: 18 00 44 6f 63 49 6e 66 6f 2f 48 6f 77 54 6f 50  ..DocInfo/HowToP
00002110: 6c 61 79 42 61 73 69 63 30 32 58 4d 73 65 79 00  layBasic02XMsey.
00002120: 50 61 72 61 20 76 65 72 20 6c 6f 73 20 6c 6f 67  Para ver los log
00002130: 6f 74 69 70 6f 73 20 64 65 20 6c 69 67 61 20 79  otipos de liga y
00002140: 20 65 71 75 69 70 6f 20 74 69 65 6e 65 73 20 71   equipo tienes q
00002150: 75 65 20 70 6f 6e 65 72 20 75 6e 20 61 72 63 68  ue poner un arch
00002160: 69 76 6f 20 4c 6f 67 6f 73 2e 53 43 32 4d 6f 64  ivo Logos.SC2Mod
00002170: 20 65 6e 20 65 6c 20 64 69 72 65 63 74 6f 72 69   en el directori
00002180: 6f 20 44 6f 63 75 6d 65 6e 74 73 2f 53 74 61 72  o Documents/Star
00002190: 63 72 61 66 74 20 49 49 2e 18 00 44 6f 63 49 6e  craft II...DocIn
000021a0: 66 6f 2f 48 6f 77 54 6f 50 6c 61 79 42 61 73 69  fo/HowToPlayBasi
000021b0: 63 30 31 58 4d 73 65 8a 00 50 61 72 61 20 71 75  c01XMse..Para qu
000021c0: 65 20 6c 6f 73 20 63 6f 6c 6f 72 65 73 20 64 65  e los colores de
000021d0: 6c 20 65 71 75 69 70 6f 20 73 65 20 76 65 61 6e  l equipo se vean
000021e0: 20 6d c3 a1 73 20 66 75 65 72 74 65 73 2c 20 61   m..s fuertes, a
000021f0: 63 63 65 64 65 20 61 20 6c 61 73 20 6f 70 63 69  ccede a las opci
00002200: 6f 6e 65 73 20 64 65 20 6a 75 65 67 6f 20 79 20  ones de juego y 
00002210: 61 6a 75 73 74 61 20 6c 61 20 6f 70 63 69 c3 b3  ajusta la opci..
00002220: 6e 20 64 65 20 69 6e 74 65 6e 73 69 64 61 64 20  n de intensidad 
00002230: 64 65 20 63 6f 6c 6f 72 20 64 65 20 65 71 75 69  de color de equi
00002240: 70 6f 2e 14 00 44 6f 63 49 6e 66 6f 2f 53 63 72  po...DocInfo/Scr
00002250: 65 65 6e 73 68 6f 74 30 34 58 4d 73 65 8e 00 4e  eenshot04XMse..N
00002260: 6f 74 69 66 69 63 61 63 69 6f 6e 65 73 20 73 6f  otificaciones so
00002270: 62 72 65 20 6c 6f 73 20 74 72 61 62 61 6a 61 64  bre los trabajad
00002280: 6f 72 65 73 20 61 73 65 73 69 6e 61 64 6f 73 20  ores asesinados 
00002290: 70 61 72 61 20 73 61 62 65 72 20 63 75 c3 a1 6e  para saber cu..n
000022a0: 74 6f 73 20 74 72 61 62 61 6a 61 64 6f 72 65 73  tos trabajadores
000022b0: 20 70 65 72 64 69 c3 b3 20 75 6e 20 6a 75 67 61   perdi.. un juga
000022c0: 64 6f 72 20 64 65 74 65 72 6d 69 6e 61 64 6f 20  dor determinado 
000022d0: 65 6e 20 65 6c 20 c3 ba 6c 74 69 6d 6f 20 65 6e  en el ..ltimo en
000022e0: 66 72 65 6e 74 61 6d 69 65 6e 74 6f 2e 14 00 44  frentamiento...D
000022f0: 6f 63 49 6e 66 6f 2f 53 63 72 65 65 6e 73 68 6f  ocInfo/Screensho
00002300: 74 30 31 58 4d 73 65 a4 00 c3 8d 63 6f 6e 6f 73  t01XMse....conos
00002310: 20 75 62 69 63 61 64 6f 73 20 73 6f 62 72 65 20   ubicados sobre 
00002320: 6c 61 73 20 65 64 69 66 69 63 61 63 69 6f 6e 65  las edificacione
00002330: 73 20 71 75 65 20 6d 75 65 73 74 72 61 6e 20 71  s que muestran q
00002340: 75 c3 a9 20 75 6e 69 64 61 64 65 73 20 73 65 20  u.. unidades se 
00002350: 65 73 74 c3 a1 6e 20 65 6e 74 72 65 6e 61 6e 64  est..n entrenand
00002360: 6f 20 6f 20 71 75 c3 a9 20 74 65 63 6e 6f 6c 6f  o o qu.. tecnolo
00002370: 67 c3 ad 61 20 73 65 20 65 73 74 c3 a1 20 69 6e  g..a se est.. in
00002380: 76 65 73 74 69 67 61 6e 64 6f 20 6d 69 65 6e 74  vestigando mient
00002390: 72 61 73 20 73 65 20 76 65 20 73 75 20 62 61 72  ras se ve su bar
000023a0: 72 61 20 64 65 20 65 73 74 61 64 6f 2e 14 00 44  ra de estado...D
000023b0: 6f 63 49 6e 66 6f 2f 53 63 72 65 65 6e 73 68 6f  ocInfo/Screensho
000023c0: 74 30 32 58 4d 73 65 77 00 4e 6f 74 69 66 69 63  t02XMsew.Notific
000023d0: 61 63 69 6f 6e 65 73 20 64 65 20 6d 65 6a 6f 72  aciones de mejor
000023e0: 61 73 20 70 61 72 61 20 73 61 62 65 72 20 73 69  as para saber si
000023f0: 20 6c 6f 73 20 70 72 6f 63 65 73 6f 73 20 73 65   los procesos se
00002400: 20 65 73 74 c3 a1 6e 20 72 65 61 6c 69 7a 61 6e   est..n realizan
00002410: 64 6f 20 6f 20 73 69 20 73 65 20 63 6f 6d 70 6c  do o si se compl
00002420: 65 74 61 72 6f 6e 2c 20 63 61 6e 63 65 6c 61 72  etaron, cancelar
00002430: 6f 6e 20 6f 20 72 65 63 68 61 7a 61 72 6f 6e 2e  on o rechazaron.
00002440: 0c 00 44 6f 63 49 6e 66 6f 2f 4e 61 6d 65 55 52  ..DocInfo/NameUR
00002450: 75 72 0d 00 57 43 53 20 47 61 6d 65 48 65 61 72  ur..WCS GameHear
00002460: 74 1b 00 44 6f 63 49 6e 66 6f 2f 48 6f 77 54 6f  t..DocInfo/HowTo
00002470: 50 6c 61 79 41 64 76 61 6e 63 65 64 30 31 55 52  PlayAdvanced01UR
00002480: 75 72 a2 00 4c 6f 67 6f 73 2e 53 43 32 4d 6f 64  ur..Logos.SC2Mod
00002490: 20 e2 80 93 20 d0 bc d0 be d0 b4 d1 83 d0 bb d1   ... ...........
000024a0: 8c 20 d0 be d1 81 d0 be d0 b1 d0 be d0 b3 d0 be  . ..............
000024b0: 20 d1 82 d0 b8 d0 bf d0 b0 2c 20 d1 83 d0 bf d1   ........, .....
000024c0: 80 d0 b0 d0 b2 d0 bb d1 8f d1 8e d1 89 d0 b8 d0  ................
000024d0: b9 20 d0 be d1 82 d0 be d0 b1 d1 80 d0 b0 d0 b6  . ..............
000024e0: d0 b5 d0 bd d0 b8 d0 b5 d0 bc 20 d0 bb d0 be d0  .......... .....
000024f0: b3 d0 be d1 82 d0 b8 d0 bf d0 be d0 b2 20 d0 bd  ............. ..
00002500: d0 b0 20 d0 ba d0 b0 d1 80 d1 82 d0 b5 20 d0 b4  .. .......... ..
00002510: d0 bb d1 8f 20 d0 b7 d1 80 d0 b8 d1 82 d0 b5 d0  .... ...........
00002520: bb d0 b5 d0 b9 2e 1b 00 44 6f 63 49 6e 66 6f 2f  ........DocInfo/
00002530: 48 6f 77 54 6f 50 6c 61 79 41 64 76 61 6e 63 65  HowToPlayAdvance
00002540: 64 30 30 55 52 75 72 0b 01 57 43 53 20 32 2e 30  d00URur..WCS 2.0
00002550: 20 d1 8f d0 b2 d0 bb d1 8f d0 b5 d1 82 d1 81 d1   ...............
00002560: 8f 20 d0 b5 d0 b4 d0 b8 d0 bd d1 81 d1 82 d0 b2  . ..............
00002570: d0 b5 d0 bd d0 bd d1 8b d0 bc 20 d0 bd d0 b0 20  .......... .... 
00002580: d0 b4 d0 b0 d0 bd d0 bd d1 8b d0 b9 20 d0 bc d0  ............ ...
00002590: be d0 bc d0 b5 d0 bd d1 82 20 d0 b8 d0 bd d1 82  ......... ......
000025a0: d0 b5 d1 80 d1 84 d0 b5 d0 b9 d1 81 d0 be d0 bc  ................
000025b0: 2c 20 d0 b8 d0 bc d0 b5 d1 8e d1 89 d0 b8 d0 bc  , ..............
000025c0: 20 d0 b2 20 d1 81 d0 b2 d0 be d0 b5 d0 bc 20 d1   .. .......... .
000025d0: 81 d0 be d1 81 d1 82 d0 b0 d0 b2 d0 b5 20 d1 8d  ............. ..
000025e0: d0 bb d0 b5 d0 bc d0 b5 d0 bd d1 82 d1 8b 20 d0  .............. .
000025f0: 9f d0 98 2c 20 d0 bd d0 b5 d0 be d0 b1 d1 85 d0  ..., ...........
00002600: be d0 b4 d0 b8 d0 bc d1 8b d0 b5 20 d0 b4 d0 bb  ........... ....
00002610: d1 8f 20 d0 be d1 82 d0 be d0 b1 d1 80 d0 b0 d0  .. .............
00002620: b6 d0 b5 d0 bd d0 b8 d1 8f 20 d0 b8 d0 bd d1 84  ......... ......
00002630: d0 be d1 80 d0 bc d0 b0 d1 86 d0 b8 d0 be d0 bd  ................
00002640: d0 bd d0 be d0 b9 20 d0 bf d0 b0 d0 bd d0 b5 d0  ...... .........
00002650: bb d0 b8 2e 1b 00 44 6f 63 49 6e 66 6f 2f 48 6f  ......DocInfo/Ho
00002660: 77 54 6f 50 6c 61 79 41 64 76 61 6e 63 65 64 30  wToPlayAdvanced0
00002670: 32 55 52 75 72 9b 00 d0 94 d0 bb d1 8f 20 d0 bc  2URur........ ..
00002680: d0 be d0 b4 d1 83 d0 bb d1 8f 20 4c 6f 67 6f 73  .......... Logos
00002690: 2e 53 43 32 4d 6f 64 20 d0 b4 d0 be d1 81 d1 82  .SC2Mod ........
000026a0: d1 83 d0 bf d0 bd d0 b0 20 d0 be d0 bd d0 bb d0  ........ .......
000026b0: b0 d0 b9 d0 bd 2d d0 b4 d0 be d0 ba d1 83 d0 bc  .....-..........
000026c0: d0 b5 d0 bd d1 82 d0 b0 d1 86 d0 b8 d1 8f 20 d1  .............. .
000026d0: 81 20 d0 b8 d0 bd d1 81 d1 82 d1 80 d1 83 d0 ba  . ..............
000026e0: d1 86 d0 b8 d1 8f d0 bc d0 b8 20 d0 bf d0 be 20  .......... .... 
000026f0: d0 b5 d0 b3 d0 be 20 d0 b8 d1 81 d0 bf d0 be d0  ...... .........
00002700: bb d1 8c d0 b7 d0 be d0 b2 d0 b0 d0 bd d0 b8 d1  ................
00002710: 8e 2e 18 00 44 6f 63 49 6e 66 6f 2f 48 6f 77 54  ....DocInfo/HowT
00002720: 6f 50 6c 61 79 42 61 73 69 63 30 30 55 52 75 72  oPlayBasic00URur
00002730: f0 00 d0 a7 d1 82 d0 be d0 b1 d1 8b 20 d0 b2 d0  ............ ...
00002740: be d1 81 d0 bf d0 be d0 bb d1 8c d0 b7 d0 be d0  ................
00002750: b2 d0 b0 d1 82 d1 8c d1 81 d1 8f 20 d0 b8 d0 bd  ........... ....
00002760: d1 82 d0 b5 d1 80 d1 84 d0 b5 d0 b9 d1 81 d0 be  ................
00002770: d0 bc 20 d0 bf d0 be 20 d1 81 d0 b2 d0 be d0 b5  .. .... ........
00002780: d0 bc d1 83 20 d0 b2 d1 8b d0 b1 d0 be d1 80 d1  .... ...........
00002790: 83 2c 20 d0 bf d0 b5 d1 80 d0 b5 d0 b9 d0 b4 d0  ., .............
000027a0: b8 d1 82 d0 b5 20 d0 b2 20 d0 bd d0 b0 d1 81 d1  ..... .. .......
000027b0: 82 d1 80 d0 be d0 b9 d0 ba d0 b8 20 d0 b8 d0 b3  ........... ....
000027c0: d1 80 d1 8b 20 d0 b8 20 d0 b2 d1 8b d0 b1 d0 b5  .... .. ........
000027d0: d1 80 d0 b8 d1 82 d0 b5 20 d0 bd d1 83 d0 b6 d0  ........ .......
000027e0: bd d1 8b d0 b9 20 d0 b8 d0 bd d1 82 d0 b5 d1 80  ..... ..........
000027f0: d1 84 d0 b5 d0 b9 d1 81 20 d0 b8 d0 b7 20 d0 b2  ........ .... ..
00002800: d1 8b d0 bf d0 b0 d0 b4 d0 b0 d1 8e d1 89 d0 b5  ................
00002810: d0 b3 d0 be 20 d1 81 d0 bf d0 b8 d1 81 d0 ba d0  .... ...........
00002820: b0 2e 10 00 44 6f 63 49 6e 66 6f 2f 44 65 73 63  ....DocInfo/Desc
00002830: 4c 6f 6e 67 55 52 75 72 07 02 57 43 53 20 47 61  LongURur..WCS Ga
00002840: 6d 65 48 65 61 72 74 20 e2 80 93 20 d1 8d d1 82  meHeart ... ....
00002850: d0 be 20 d0 bc d0 be d0 b4 d1 83 d0 bb d1 8c 20  .. ............ 
00002860: d1 80 d0 b0 d1 81 d1 88 d0 b8 d1 80 d0 b5 d0 bd  ................
00002870: d0 b8 d1 8f 2c 20 d0 bf d1 80 d0 b5 d0 b4 d0 bd  ...., ..........
00002880: d0 b0 d0 b7 d0 bd d0 b0 d1 87 d0 b5 d0 bd d0 bd  ................
00002890: d1 8b d0 b9 20 d0 b4 d0 bb d1 8f 20 d0 b1 d0 be  .... ...... ....
000028a0: d0 bb d0 b5 d0 b5 20 d0 ba d0 be d0 bc d1 84 d0  ...... .........
000028b0: be d1 80 d1 82 d0 bd d0 be d0 b3 d0 be 20 d0 bf  ............. ..
000028c0: d1 80 d0 be d1 81 d0 bc d0 be d1 82 d1 80 d0 b0  ................
000028d0: 20 d0 bc d0 b0 d1 82 d1 87 d0 b5 d0 b9 20 53 74   ............ St
000028e0: 61 72 43 72 61 66 74 20 32 2e 3c 6e 2f 3e 3c 6e  arCraft 2.<n/><n
000028f0: 2f 3e 42 6c 69 7a 7a 61 72 64 20 45 6e 74 65 72  />Blizzard Enter
00002900: 74 61 69 6e 6d 65 6e 74 20 d0 b2 d1 8b d1 80 d0  tainment .......
00002910: b0 d0 b6 d0 b0 d0 b5 d1 82 20 d0 b1 d0 bb d0 b0  ......... ......
00002920: d0 b3 d0 be d0 b4 d0 b0 d1 80 d0 bd d0 be d1 81  ................
00002930: d1 82 d1 8c 20 52 79 61 6e 20 53 63 68 75 74 74  .... Ryan Schutt
00002940: 65 72 2c 20 43 68 72 69 73 74 6f 70 68 20 41 68  er, Christoph Ah
00002950: 6c 65 72 73 2c 20 50 68 69 6c 69 70 20 54 61 6e  lers, Philip Tan
00002960: 2c 20 4e 69 63 6b 20 4d 6f 68 72 2c 20 54 68 65  , Nick Mohr, The
00002970: 20 4d 49 54 20 47 61 6d 65 20 4c 61 62 2c 20 4d   MIT Game Lab, M
00002980: 69 6c 6f 76 20 56 61 73 79 61 20 d0 b8 20 50 65  ilov Vasya .. Pe
00002990: 64 72 6f 20 5a 65 61 20 d0 b7 d0 b0 20 d0 b8 d1  dro Zea .... ...
000029a0: 85 20 d0 b2 d0 ba d0 bb d0 b0 d0 b4 20 d0 b2 20  . .......... .. 
000029b0: d1 81 d0 be d0 b7 d0 b4 d0 b0 d0 bd d0 b8 d0 b5  ................
000029c0: 20 d0 be d1 80 d0 b8 d0 b3 d0 b8 d0 bd d0 b0 d0   ...............
000029d0: bb d1 8c d0 bd d0 be d0 b3 d0 be 20 d0 bc d0 be  ........... ....
000029e0: d0 b4 d1 83 d0 bb d1 8f 20 47 61 6d 65 48 65 61  ........ GameHea
000029f0: 72 74 2e 3c 6e 2f 3e 3c 6e 2f 3e d0 ad d0 bb d0  rt.<n/><n/>.....
00002a00: b5 d0 bc d0 b5 d0 bd d1 82 d1 8b 20 d0 bc d0 be  ........... ....
00002a10: d0 b4 d1 83 d0 bb d1 8f 20 d0 bf d1 80 d0 b5 d0  ........ .......
00002a20: b4 d0 be d1 81 d1 82 d0 b0 d0 b2 d0 bb d0 b5 d0  ................
00002a30: bd d1 8b 20 4d 49 54 20 47 61 6d 65 20 4c 61 62  ... MIT Game Lab
00002a40: 2e 18 00 44 6f 63 49 6e 66 6f 2f 48 6f 77 54 6f  ...DocInfo/HowTo
00002a50: 50 6c 61 79 42 61 73 69 63 30 32 55 52 75 72 af  PlayBasic02URur.
00002a60: 00 d0 94 d0 bb d1 8f 20 d0 b2 d0 ba d0 bb d1 8e  ....... ........
00002a70: d1 87 d0 b5 d0 bd d0 b8 d1 8f 20 d0 be d1 82 d0  .......... .....
00002a80: be d0 b1 d1 80 d0 b0 d0 b6 d0 b5 d0 bd d0 b8 d1  ................
00002a90: 8f 20 d0 bb d0 be d0 b3 d0 be d1 82 d0 b8 d0 bf  . ..............
00002aa0: d0 be d0 b2 20 d0 ba d0 be d0 bc d0 b0 d0 bd d0  .... ...........
00002ab0: b4 d1 8b 20 d0 b8 20 d0 bb d0 b8 d0 b3 d0 b8 20  ... .. ........ 
00002ac0: d1 81 d0 ba d0 be d0 bf d0 b8 d1 80 d1 83 d0 b9  ................
00002ad0: d1 82 d0 b5 20 d1 84 d0 b0 d0 b9 d0 bb 20 4c 6f  .... ........ Lo
00002ae0: 67 6f 73 2e 53 43 32 4d 6f 64 20 d0 b2 20 d0 bf  gos.SC2Mod .. ..
00002af0: d0 b0 d0 bf d0 ba d1 83 20 44 6f 63 75 6d 65 6e  ........ Documen
00002b00: 74 73 2f 53 74 61 72 63 72 61 66 74 20 49 49 2e  ts/Starcraft II.
00002b10: 18 00 44 6f 63 49 6e 66 6f 2f 48 6f 77 54 6f 50  ..DocInfo/HowToP
00002b20: 6c 61 79 42 61 73 69 63 30 31 55 52 75 72 d1 00  layBasic01URur..
00002b30: d0 a7 d1 82 d0 be d0 b1 d1 8b 20 d0 bf d0 be d0  .......... .....
00002b40: b2 d1 8b d1 81 d0 b8 d1 82 d1 8c 20 d0 b2 d0 b8  ........... ....
00002b50: d0 b4 d0 b8 d0 bc d0 be d1 81 d1 82 d1 8c 20 d0  .............. .
00002b60: ba d0 be d0 bc d0 b0 d0 bd d0 b4 d0 bd d1 8b d1  ................
00002b70: 85 20 d1 86 d0 b2 d0 b5 d1 82 d0 be d0 b2 2c 20  . ............, 
00002b80: d1 83 d1 81 d1 82 d0 b0 d0 bd d0 be d0 b2 d0 b8  ................
00002b90: d1 82 d0 b5 20 d0 b6 d0 b5 d0 bb d0 b0 d0 b5 d0  .... ...........
00002ba0: bc d0 be d0 b5 20 d0 b7 d0 bd d0 b0 d1 87 d0 b5  ..... ..........
00002bb0: d0 bd d0 b8 d0 b5 20 d1 8f d1 80 d0 ba d0 be d1  ...... .........
00002bc0: 81 d1 82 d0 b8 20 d1 86 d0 b2 d0 b5 d1 82 d0 b0  ..... ..........
00002bd0: 20 d0 ba d0 be d0 bc d0 b0 d0 bd d0 b4 d1 8b 20   .............. 
00002be0: d0 b2 20 d0 bd d0 b0 d1 81 d1 82 d1 80 d0 be d0  .. .............
00002bf0: b9 d0 ba d0 b0 d1 85 20 d0 b8 d0 b3 d1 80 d1 8b  ....... ........
00002c00: 2e 14 00 44 6f 63 49 6e 66 6f 2f 53 63 72 65 65  ...DocInfo/Scree
00002c10: 6e 73 68 6f 74 30 34 55 52 75 72 fa 00 d0 a3 d0  nshot04URur.....
00002c20: b2 d0 b5 d0 b4 d0 be d0 bc d0 bb d0 b5 d0 bd d0  ................
00002c30: b8 d1 8f 20 d0 be 20 d0 ba d0 be d0 bb d0 b8 d1  ... .. .........
00002c40: 87 d0 b5 d1 81 d1 82 d0 b2 d0 b5 20 d1 83 d0 bd  ........... ....
00002c50: d0 b8 d1 87 d1 82 d0 be d0 b6 d0 b5 d0 bd d0 bd  ................
00002c60: d1 8b d1 85 20 d1 80 d0 b0 d0 b1 d0 be d1 87 d0  .... ...........
00002c70: b8 d1 85 2c 20 d1 83 d0 ba d0 b0 d0 b7 d1 8b d0  ..., ...........
00002c80: b2 d0 b0 d1 8e d1 89 d0 b8 d0 b5 2c 20 d1 81 d0  ..........., ...
00002c90: ba d0 be d0 bb d1 8c d0 ba d0 be 20 d1 80 d0 b0  ........... ....
00002ca0: d0 b1 d0 be d1 87 d0 b8 d1 85 20 d0 b8 d0 b3 d1  .......... .....
00002cb0: 80 d0 be d0 ba 20 d0 bf d0 be d1 82 d0 b5 d1 80  ..... ..........
00002cc0: d1 8f d0 bb 20 d0 bf d1 80 d0 b8 20 d0 bf d0 be  .... ...... ....
00002cd0: d1 81 d0 bb d0 b5 d0 b4 d0 bd d0 b5 d0 bc 20 d0  .............. .
00002ce0: b1 d0 be d0 b5 d0 b2 d0 be d0 bc 20 d0 ba d0 be  ........... ....
00002cf0: d0 bd d1 82 d0 b0 d0 ba d1 82 d0 b5 20 d1 81 20  ............ .. 
00002d00: d0 bf d1 80 d0 be d1 82 d0 b8 d0 b2 d0 bd d0 b8  ................
00002d10: d0 ba d0 be d0 bc 2e 14 00 44 6f 63 49 6e 66 6f  .........DocInfo
00002d20: 2f 53 63 72 65 65 6e 73 68 6f 74 30 31 55 52 75  /Screenshot01URu
00002d30: 72 c3 00 d0 97 d0 bd d0 b0 d1 87 d0 ba d0 b8 20  r.............. 
00002d40: d0 bd d0 b0 d0 b4 20 d0 b7 d0 b4 d0 b0 d0 bd d0  ...... .........
00002d50: b8 d1 8f d0 bc d0 b8 2c 20 d0 be d0 b1 d0 be d0  ......., .......
00002d60: b7 d0 bd d0 b0 d1 87 d0 b0 d1 8e d1 89 d0 b8 d0  ................
00002d70: b5 20 d1 82 d0 b5 d0 ba d1 83 d1 89 d0 b5 d0 b5  . ..............
00002d80: 20 d0 bf d1 80 d0 be d0 b8 d0 b7 d0 b2 d0 be d0   ...............
00002d90: b4 d1 81 d1 82 d0 b2 d0 be 20 d0 b8 d0 bb d0 b8  ......... ......
00002da0: 20 d1 80 d0 b0 d0 b7 d1 80 d0 b0 d0 b1 d0 be d1   ...............
00002db0: 82 d0 ba d1 83 20 d0 bf d1 80 d0 b8 20 d0 be d1  ..... ...... ...
00002dc0: 82 d0 be d0 b1 d1 80 d0 b0 d0 b6 d0 b0 d0 b5 d0  ................
00002dd0: bc d0 be d0 b9 20 d0 bf d0 b0 d0 bd d0 b5 d0 bb  ..... ..........
00002de0: d0 b8 20 d1 81 d0 be d1 81 d1 82 d0 be d1 8f d0  .. .............
00002df0: bd d0 b8 d1 8f 2e 14 00 44 6f 63 49 6e 66 6f 2f  ........DocInfo/
00002e00: 53 63 72 65 65 6e 73 68 6f 74 30 32 55 52 75 72  Screenshot02URur
00002e10: e7 00 d0 a3 d0 b2 d0 b5 d0 b4 d0 be d0 bc d0 bb  ................
00002e20: d0 b5 d0 bd d0 b8 d1 8f 20 d0 be d0 b1 20 d1 83  ........ .... ..
00002e30: d0 bb d1 83 d1 87 d1 88 d0 b5 d0 bd d0 b8 d1 8f  ................
00002e40: d1 85 2c 20 d0 be d1 82 d0 be d0 b1 d1 80 d0 b0  .., ............
00002e50: d0 b6 d0 b0 d0 b5 d0 bc d1 8b d0 b5 20 d0 bf d1  ............ ...
00002e60: 80 d0 b8 20 d1 81 d0 ba d0 be d1 80 d0 be d0 bc  ... ............
00002e70: 20 d0 b7 d0 b0 d0 b2 d0 b5 d1 80 d1 88 d0 b5 d0   ...............
00002e80: bd d0 b8 d0 b8 2c 20 d0 be d0 ba d0 be d0 bd d1  ....., .........
00002e90: 87 d0 b0 d0 bd d0 b8 d0 b8 20 d0 b8 d0 bb d0 b8  ......... ......
00002ea0: 20 d0 be d1 82 d0 bc d0 b5 d0 bd d0 b5 20 d1 83   ............ ..
00002eb0: d0 bb d1 83 d1 87 d1 88 d0 b5 d0 bd d0 b8 d1 8f  ................
00002ec0: 2c 20 d0 b0 20 d1 82 d0 b0 d0 ba d0 b6 d0 b5 20  , .. .......... 
00002ed0: d0 bf d1 80 d0 b8 20 d0 b5 d0 b3 d0 be 20 d0 bd  ...... ...... ..
00002ee0: d0 b5 d0 b4 d0 be d1 81 d1 82 d1 83 d0 bf d0 bd  ................
00002ef0: d0 be d1 81 d1 82 d0 b8 2e 0c 00 44 6f 63 49 6e  ...........DocIn
00002f00: 66 6f 2f 4e 61 6d 65 52 4b 6f 6b 0d 00 57 43 53  fo/NameRKok..WCS
00002f10: 20 47 61 6d 65 48 65 61 72 74 1b 00 44 6f 63 49   GameHeart..DocI
00002f20: 6e 66 6f 2f 48 6f 77 54 6f 50 6c 61 79 41 64 76  nfo/HowToPlayAdv
00002f30: 61 6e 63 65 64 30 31 52 4b 6f 6b 76 00 4c 6f 67  anced01RKokv.Log
00002f40: 6f 73 2e 53 43 32 4d 6f 64 eb 8a 94 20 ea b4 80  os.SC2Mod... ...
00002f50: ec a0 84 ec 9e 90 ec 9d 98 20 ec a7 80 eb 8f 84  ......... ......
00002f60: ec 97 90 20 ed 91 9c ec 8b 9c eb 90 98 eb 8a 94  ... ............
00002f70: 20 eb a1 9c ea b3 a0 eb a5 bc 20 ea b4 80 eb a6   ......... .....
00002f80: ac ed 95 98 eb 8a 94 20 ed 8a b9 eb b3 84 ed 95  ....... ........
00002f90: 9c 20 ec 9c a0 ed 98 95 ec 9d 98 20 eb aa a8 eb  . ......... ....
00002fa0: 93 9c 20 ed 8c 8c ec 9d bc ec 9e 85 eb 8b 88 eb  .. .............
00002fb0: 8b a4 2e 1b 00 44 6f 63 49 6e 66 6f 2f 48 6f 77  .....DocInfo/How
00002fc0: 54 6f 50 6c 61 79 41 64 76 61 6e 63 65 64 30 30  ToPlayAdvanced00
00002fd0: 52 4b 6f 6b a2 00 57 43 53 20 32 2e 30 20 ec 9d  RKok..WCS 2.0 ..
00002fe0: b8 ed 84 b0 ed 8e 98 ec 9d b4 ec 8a a4 eb 8a 94  ................
00002ff0: 20 ea b5 90 eb 8c 80 eb a1 9c 20 ec a0 95 eb b3   ......... .....
00003000: b4 eb a5 bc 20 ed 91 9c ec 8b 9c ed 95 98 eb 8a  .... ...........
00003010: 94 20 eb 8d b0 20 ed 95 84 ec 9a 94 ed 95 9c 20  . ... ......... 
00003020: ec 82 ac ec 9a a9 ec 9e 90 20 ec 9d b8 ed 84 b0  ......... ......
00003030: ed 8e 98 ec 9d b4 ec 8a a4 20 ec 9a 94 ec 86 8c  ......... ......
00003040: eb a5 bc 20 ea b0 96 ec b6 98 20 ed 98 84 ec 9e  ... ...... .....
00003050: ac ec 9d 98 20 ec 9c a0 ec 9d bc ed 95 9c 20 ec  .... ......... .
00003060: 9d b8 ed 84 b0 ed 8e 98 ec 9d b4 ec 8a a4 ec 9e  ................
00003070: 85 eb 8b 88 eb 8b a4 2e 1b 00 44 6f 63 49 6e 66  ..........DocInf
00003080: 6f 2f 48 6f 77 54 6f 50 6c 61 79 41 64 76 61 6e  o/HowToPlayAdvan
00003090: 63 65 64 30 32 52 4b 6f 6b 56 00 4c 6f 67 6f 73  ced02RKokV.Logos
000030a0: 2e 53 43 32 4d 6f 64 20 ec 82 ac ec 9a a9 eb b2  .SC2Mod ........
000030b0: 95 ec 9d 80 20 ec 98 a8 eb 9d bc ec 9d b8 20 ec  .... ......... .
000030c0: 95 88 eb 82 b4 20 eb ac b8 ec 84 9c eb a5 bc 20  ..... ......... 
000030d0: ed 99 95 ec 9d b8 ed 95 b4 20 ec a3 bc ec 8b 9c  ......... ......
000030e0: ea b8 b0 20 eb b0 94 eb 9e 8d eb 8b 88 eb 8b a4  ... ............
000030f0: 2e 18 00 44 6f 63 49 6e 66 6f 2f 48 6f 77 54 6f  ...DocInfo/HowTo
00003100: 50 6c 61 79 42 61 73 69 63 30 30 52 4b 6f 6b ad  PlayBasic00RKok.
00003110: 00 ec 82 ac ec 9a a9 ec 9e 90 20 ec a7 80 ec a0  .......... .....
00003120: 95 20 ec 9d b8 ed 84 b0 ed 8e 98 ec 9d b4 ec 8a  . ..............
00003130: a4 eb a5 bc 20 ec a0 81 ec 9a a9 ed 95 98 eb a0  .... ...........
00003140: a4 eb a9 b4 20 ea b4 80 ec a0 84 ec 9e 90 20 eb  .... ......... .
00003150: b0 8f 20 eb a6 ac ed 94 8c eb a0 88 ec 9d b4 20  .. ............ 
00003160: ec 84 a4 ec a0 95 ec 9d 98 20 eb 93 9c eb a1 ad  ......... ......
00003170: eb 8b a4 ec 9a b4 20 eb aa a9 eb a1 9d ec 97 90  ...... .........
00003180: ec 84 9c 20 ec 9b 90 ed 95 98 eb 8a 94 20 ec 9d  ... ......... ..
00003190: b8 ed 84 b0 ed 8e 98 ec 9d b4 ec 8a a4 eb a5 bc  ................
000031a0: 20 ec 84 a0 ed 83 9d ed 95 98 ec 8b 9c ea b8 b0   ...............
000031b0: 20 eb b0 94 eb 9e 8d eb 8b 88 eb 8b a4 2e 10 00   ...............
000031c0: 44 6f 63 49 6e 66 6f 2f 44 65 73 63 4c 6f 6e 67  DocInfo/DescLong
000031d0: 52 4b 6f 6b bd 01 57 43 53 20 47 61 6d 65 48 65  RKok..WCS GameHe
000031e0: 61 72 74 eb 8a 94 20 ec 8a a4 ed 83 80 ed 81 ac  art... .........
000031f0: eb 9e 98 ed 94 84 ed 8a b8 20 32 ec 9d 98 20 ea  ......... 2... .
00003200: b4 80 ec a0 84 ec 9d 98 20 ec 9e ac eb af b8 eb  ........ .......
00003210: a5 bc 20 ed 96 a5 ec 83 81 ec 8b 9c ed 82 a4 ea  .. .............
00003220: b8 b0 20 ec 9c 84 ed 95 b4 20 ec a0 9c ec 9e 91  .. ...... ......
00003230: eb 90 9c 20 ed 99 95 ec 9e a5 20 eb aa a8 eb 93  ... ...... .....
00003240: 9c ec 9e 85 eb 8b 88 eb 8b a4 2e 3c 6e 2f 3e 3c  ...........<n/><
00003250: 6e 2f 3e eb b8 94 eb a6 ac ec 9e 90 eb 93 9c 20  n/>............ 
00003260: ec 97 94 ed 84 b0 ed 85 8c ec 9d b8 eb a8 bc ed  ................
00003270: 8a b8 eb 8a 94 20 ec bb a4 eb ae a4 eb 8b 88 ed  ..... ..........
00003280: 8b b0 ec 9d 98 20 ec 9d bc ec 9b 90 ec 9c bc eb  ..... ..........
00003290: a1 9c ec 84 9c 20 ec 9b 90 eb 9e 98 ec 9d 98 20  ..... ......... 
000032a0: eb 86 80 eb 9d bc ec 9a b4 20 47 61 6d 65 48 65  ......... GameHe
000032b0: 61 72 74 20 4d 6f 64 eb a5 bc 20 ea b0 9c eb b0  art Mod... .....
000032c0: 9c ed 95 9c 20 52 79 61 6e 20 53 63 68 75 74 74  .... Ryan Schutt
000032d0: 65 72 2c 20 43 68 72 69 73 74 6f 70 68 20 41 68  er, Christoph Ah
000032e0: 6c 65 72 73 2c 20 50 68 69 6c 69 70 20 54 61 6e  lers, Philip Tan
000032f0: 2c 20 4e 69 63 6b 20 4d 6f 68 72 2c 20 54 68 65  , Nick Mohr, The
00003300: 20 4d 49 54 20 47 61 6d 65 20 4c 61 62 2c 20 4d   MIT Game Lab, M
00003310: 69 6c 6f 76 20 56 61 73 79 61 20 61 6e 64 20 50  ilov Vasya and P
00003320: 65 64 72 6f 20 5a 65 61 20 eb 8b 98 ea bb 98 20  edro Zea ...... 
00003330: ea b0 90 ec 82 ac ec 9d 98 20 eb a7 88 ec 9d 8c  ......... ......
00003340: ec 9d 84 20 ec a0 84 ed 95 a9 eb 8b 88 eb 8b a4  ... ............
00003350: 2e 3c 6e 2f 3e 3c 6e 2f 3e ec 9e 91 ec 97 85 ec  .<n/><n/>.......
00003360: 9d 98 20 ec 9d bc eb b6 80 eb 8a 94 20 4d 49 54  .. ......... MIT
00003370: 20 47 61 6d 65 20 4c 61 62 ec 97 90 ec 84 9c 20   Game Lab...... 
00003380: ea b8 b0 ec 97 ac ed 96 88 ec 8a b5 eb 8b 88 eb  ................
00003390: 8b a4 2e 18 00 44 6f 63 49 6e 66 6f 2f 48 6f 77  .....DocInfo/How
000033a0: 54 6f 50 6c 61 79 42 61 73 69 63 30 32 52 4b 6f  ToPlayBasic02RKo
000033b0: 6b 84 00 ed 8c 80 ea b3 bc 20 eb a6 ac ea b7 b8  k........ ......
000033c0: 20 eb a1 9c ea b3 a0 eb a5 bc 20 ec a0 81 ec 9a   ......... .....
000033d0: a9 ed 95 98 eb a0 a4 eb a9 b4 20 eb b0 98 eb 93  .......... .....
000033e0: 9c ec 8b 9c 20 4c 6f 67 6f 73 2e 53 43 32 4d 6f  .... Logos.SC2Mo
000033f0: 64 20 ed 8c 8c ec 9d bc ec 9d 84 20 44 6f 63 75  d ......... Docu
00003400: 6d 65 6e 74 73 2f 53 74 61 72 63 72 61 66 74 20  ments/Starcraft 
00003410: 49 49 20 ed 8f b4 eb 8d 94 ec 97 90 20 eb 84 a3  II ......... ...
00003420: ec 9c bc ec 8b 9c ea b8 b0 20 eb b0 94 eb 9e 8d  ......... ......
00003430: eb 8b 88 eb 8b a4 2e 18 00 44 6f 63 49 6e 66 6f  .........DocInfo
00003440: 2f 48 6f 77 54 6f 50 6c 61 79 42 61 73 69 63 30  /HowToPlayBasic0
00003450: 31 52 4b 6f 6b 72 00 eb 8d 94 20 ea b0 95 ed 95  1RKokr.... .....
00003460: 9c 20 ed 8c 80 20 ec 83 89 ec 83 81 ec 9d 84 20  . ... ......... 
00003470: eb b3 b4 eb a0 a4 eb a9 b4 20 ea b2 8c ec 9e 84  ......... ......
00003480: ed 94 8c eb a0 88 ec 9d b4 20 ec 84 a4 ec a0 95  ......... ......
00003490: ec 97 90 ec 84 9c 20 ed 8c 80 20 ec 83 89 ec 83  ...... ... .....
000034a0: 81 20 ea b0 95 eb 8f 84 eb a5 bc 20 ec a1 b0 ec  . ......... ....
000034b0: a0 88 ed 95 98 ec 8b 9c ea b8 b0 20 eb b0 94 eb  ........... ....
000034c0: 9e 8d eb 8b 88 eb 8b a4 2e 14 00 44 6f 63 49 6e  ...........DocIn
000034d0: 66 6f 2f 53 63 72 65 65 6e 73 68 6f 74 30 34 52  fo/Screenshot04R
000034e0: 4b 6f 6b 65 00 eb a7 88 ec a7 80 eb a7 89 20 ea  Koke.......... .
000034f0: b5 90 ec a0 84 ec 97 90 ec 84 9c 20 ed 94 8c eb  ........... ....
00003500: a0 88 ec 9d b4 ec 96 b4 ec 9d 98 20 ec 9d bc ea  ........... ....
00003510: be bc ec 9d b4 20 ec 96 bc eb a7 88 eb 82 98 20  ..... ......... 
00003520: ec a3 bd ec 97 88 eb 8a 94 ec a7 80 20 ec 95 8c  ............ ...
00003530: eb a0 a4 ec a3 bc eb 8a 94 20 ec 95 8c eb a6 bc  ......... ......
00003540: ec 9e 85 eb 8b 88 eb 8b a4 2e 14 00 44 6f 63 49  ............DocI
00003550: 6e 66 6f 2f 53 63 72 65 65 6e 73 68 6f 74 30 31  nfo/Screenshot01
00003560: 52 4b 6f 6b 86 00 ea b1 b4 eb ac bc ec 9d 98 20  RKok........... 
00003570: ec 83 81 ed 83 9c 20 eb a7 89 eb 8c 80 ea b0 80  ...... .........
00003580: 20 ed 91 9c ec 8b 9c eb 90 98 eb 8a 94 20 eb 8f   ............ ..
00003590: 99 ec 95 88 20 eb ac b4 ec 97 87 ec 9d 84 20 ed  .... ......... .
000035a0: 9b 88 eb a0 a8 20 eb 98 90 eb 8a 94 20 ec 97 b0  ..... ...... ...
000035b0: ea b5 ac 20 ec a4 91 ec 9d b8 ec a7 80 20 ea b1  ... ......... ..
000035c0: b4 eb ac bc 20 ec 9c 84 ec 97 90 20 eb 82 98 ed  .... ...... ....
000035d0: 83 80 eb 82 b4 eb 8a 94 20 ec 95 84 ec 9d b4 ec  ........ .......
000035e0: bd 98 ec 9e 85 eb 8b 88 eb 8b a4 2e 14 00 44 6f  ..............Do
000035f0: 63 49 6e 66 6f 2f 53 63 72 65 65 6e 73 68 6f 74  cInfo/Screenshot
00003600: 30 32 52 4b 6f 6b 81 00 ec 97 85 ea b7 b8 eb a0  02RKok..........
00003610: 88 ec 9d b4 eb 93 9c ea b0 80 20 ec 99 84 eb a3  .......... .....
00003620: 8c 20 ec a4 91 ec 9d b4 ea b1 b0 eb 82 98 2c 20  . ............, 
00003630: ec 99 84 eb a3 8c eb 90 98 ec 97 88 ea b1 b0 eb  ................
00003640: 82 98 2c 20 ec b7 a8 ec 86 8c eb 90 98 ec 97 88  .., ............
00003650: ea b1 b0 eb 82 98 2c 20 ec a4 91 eb 8b a8 eb 90  ......, ........
00003660: 98 ec 97 88 ec 9d 84 20 eb 95 8c 20 ec 95 8c eb  ....... ... ....
00003670: a0 a4 ec a3 bc eb 8a 94 20 ec 95 8c eb a6 bc ec  ........ .......
00003680: 9e 85 eb 8b 88 eb 8b a4 2e 0c 00 44 6f 63 49 6e  ...........DocIn
00003690: 66 6f 2f 4e 61 6d 65 4e 43 68 7a 0d 00 57 43 53  fo/NameNChz..WCS
000036a0: 20 47 61 6d 65 48 65 61 72 74 1b 00 44 6f 63 49   GameHeart..DocI
000036b0: 6e 66 6f 2f 48 6f 77 54 6f 50 6c 61 79 41 64 76  nfo/HowToPlayAdv
000036c0: 61 6e 63 65 64 30 31 4e 43 68 7a 72 00 4c 6f 67  anced01NChzr.Log
000036d0: 6f 73 2e 53 43 32 4d 6f 64 e6 98 af e4 b8 80 e7  os.SC2Mod.......
000036e0: a7 8d e7 89 b9 e6 ae 8a e7 b1 bb e5 9e 8b e7 9a  ................
000036f0: 84 6d 6f 64 e6 96 87 e4 bb b6 ef bc 8c e8 b4 9f  .mod............
00003700: e8 b4 a3 e7 ae a1 e7 90 86 e5 9c a8 e8 a7 82 e6  ................
00003710: 88 98 e6 a8 a1 e5 bc 8f e4 b8 8b e5 90 84 e7 a7  ................
00003720: 8d e6 a0 87 e8 af 86 e5 9c a8 e5 9c b0 e5 9b be  ................
00003730: e4 b8 8a e7 9a 84 e6 98 be e7 a4 ba e3 80 82 1b  ................
00003740: 00 44 6f 63 49 6e 66 6f 2f 48 6f 77 54 6f 50 6c  .DocInfo/HowToPl
00003750: 61 79 41 64 76 61 6e 63 65 64 30 30 4e 43 68 7a  ayAdvanced00NChz
00003760: 55 00 57 43 53 20 32 2e 30 20 e7 95 8c e9 9d a2  U.WCS 2.0 ......
00003770: e6 98 af e7 9b ae e5 89 8d e5 94 af e4 b8 80 e8  ................
00003780: 83 bd e8 ae a9 e4 b8 bb e8 a6 81 55 49 e5 85 83  ...........UI...
00003790: e7 b4 a0 e5 be aa e7 8e af e6 98 be e7 a4 ba e4  ................
000037a0: bf a1 e6 81 af e9 9d a2 e6 9d bf e7 9a 84 e7 95  ................
000037b0: 8c e9 9d a2 e3 80 82 1b 00 44 6f 63 49 6e 66 6f  .........DocInfo
000037c0: 2f 48 6f 77 54 6f 50 6c 61 79 41 64 76 61 6e 63  /HowToPlayAdvanc
000037d0: 65 64 30 32 4e 43 68 7a 42 00 e8 af b7 e5 8f 82  ed02NChzB.......
000037e0: e7 9c 8b e7 ba bf e4 b8 8a e6 96 87 e6 a1 a3 e4  ................
000037f0: bb 8b e7 bb 8d ef bc 8c e4 ba 86 e8 a7 a3 4c 6f  ..............Lo
00003800: 67 6f 73 2e 53 43 32 4d 6f 64 e7 9a 84 e4 bd bf  gos.SC2Mod......
00003810: e7 94 a8 e6 96 b9 e6 b3 95 e3 80 82 18 00 44 6f  ..............Do
00003820: 63 49 6e 66 6f 2f 48 6f 77 54 6f 50 6c 61 79 42  cInfo/HowToPlayB
00003830: 61 73 69 63 30 30 4e 43 68 7a 51 00 e8 8b a5 e6  asic00NChzQ.....
00003840: 83 b3 e8 87 aa e5 ae 9a e4 b9 89 e7 95 8c e9 9d  ................
00003850: a2 ef bc 8c e8 af b7 e5 89 8d e5 be 80 e6 b8 b8  ................
00003860: e6 88 8f e8 ae be e7 bd ae ef bc 8c e4 bb 8e e4  ................
00003870: b8 8b e6 8b 89 e8 8f 9c e5 8d 95 e4 b8 ad e8 bf  ................
00003880: 9b e8 a1 8c e9 80 89 e6 8b a9 ef bc 81 10 00 44  ...............D
00003890: 6f 63 49 6e 66 6f 2f 44 65 73 63 4c 6f 6e 67 4e  ocInfo/DescLongN
000038a0: 43 68 7a 54 01 57 43 53 20 47 61 6d 65 48 65 61  ChzT.WCS GameHea
000038b0: 72 74 e6 98 af e7 94 a8 e4 ba 8e e5 a2 9e e5 bc  rt..............
000038c0: ba e3 80 8a e6 98 9f e9 99 85 e4 ba 89 e9 9c b8  ................
000038d0: 49 49 e3 80 8b e8 a7 82 e6 88 98 e8 80 85 e4 bd  II..............
000038e0: 93 e9 aa 8c e7 9a 84 e4 b8 80 e7 a7 8d e6 89 a9  ................
000038f0: e5 b1 95 6d 6f 64 e3 80 82 3c 6e 2f 3e 3c 6e 2f  ...mod...<n/><n/
00003900: 3e e6 9a b4 e9 9b aa e5 a8 b1 e4 b9 90 e5 bf a0  >...............
00003910: e5 bf 83 e6 84 9f e8 b0 a2 e7 a4 be e5 8c ba e6  ................
00003920: 88 90 e5 91 98 52 79 61 6e 20 53 63 68 75 74 74  .....Ryan Schutt
00003930: 65 72 2c 20 43 68 72 69 73 74 6f 70 68 20 41 68  er, Christoph Ah
00003940: 6c 65 72 73 2c 20 50 68 69 6c 69 70 20 54 61 6e  lers, Philip Tan
00003950: 2c 20 4e 69 63 6b 20 4d 6f 68 72 2c 20 54 68 65  , Nick Mohr, The
00003960: 20 4d 49 54 20 47 61 6d 65 20 4c 61 62 2c 20 4d   MIT Game Lab, M
00003970: 69 6c 6f 76 20 56 61 73 79 61 e4 bb a5 e5 8f 8a  ilov Vasya......
00003980: 50 65 64 72 6f 20 5a 65 61 e4 bb 96 e4 bb ac e5  Pedro Zea.......
00003990: 9c a8 e5 88 9d e7 89 88 47 61 6d 65 48 65 61 72  ........GameHear
000039a0: 74 20 4d 6f 64 e4 b8 8a e7 9a 84 e6 83 8a e4 ba  t Mod...........
000039b0: ba e8 b4 a1 e7 8c ae e3 80 82 3c 6e 2f 3e 3c 6e  ..........<n/><n
000039c0: 2f 3e 4d 49 54 20 47 61 6d 65 20 4c 61 62 e4 b8  />MIT Game Lab..
000039d0: ba e6 ad a4 e4 bb 98 e5 87 ba e4 ba 86 e7 9b b8  ................
000039e0: e5 bd 93 e4 b8 80 e9 83 a8 e5 88 86 e7 9a 84 e8  ................
000039f0: b4 a1 e7 8c ae 20 e3 80 82 18 00 44 6f 63 49 6e  ..... .....DocIn
00003a00: 66 6f 2f 48 6f 77 54 6f 50 6c 61 79 42 61 73 69  fo/HowToPlayBasi
00003a10: 63 30 32 4e 43 68 7a 7b 00 e8 8b a5 e6 83 b3 e8  c02NChz{........
00003a20: 8e b7 e5 be 97 e9 98 9f e4 bc 8d e5 92 8c e8 81  ................
00003a30: 94 e8 b5 9b e6 a0 87 e8 af 86 ef bc 8c e8 af b7  ................
00003a40: e5 85 88 e7 a1 ae e4 bf 9d e5 b0 86 4c 6f 67 6f  ............Logo
00003a50: 73 2e 53 43 32 4d 6f 64 e6 96 87 e4 bb b6 e5 ad  s.SC2Mod........
00003a60: 98 e6 94 be e5 9c a8 e4 bd a0 e7 9a 84 e2 80 9c  ................
00003a70: e6 96 87 e6 a1 a3 2f e6 98 9f e9 99 85 e4 ba 89  ....../.........
00003a80: e9 9c b8 49 49 e2 80 9d e7 9b ae e5 bd 95 e4 b8  ...II...........
00003a90: ad ef bc 81 18 00 44 6f 63 49 6e 66 6f 2f 48 6f  ......DocInfo/Ho
00003aa0: 77 54 6f 50 6c 61 79 42 61 73 69 63 30 31 4e 43  wToPlayBasic01NC
00003ab0: 68 7a 66 00 e8 8b a5 e6 83 b3 e8 ae a9 e9 98 9f  hzf.............
00003ac0: e4 bc 8d e9 a2 9c e8 89 b2 e5 8f 98 e5 be 97 e6  ................
00003ad0: 9b b4 e9 b2 9c e8 89 b3 ef bc 8c e8 af b7 e5 89  ................
00003ae0: 8d e5 be 80 e6 b8 b8 e6 88 8f e8 ae be e7 bd ae  ................
00003af0: ef bc 8c e8 b0 83 e6 95 b4 e4 bd a0 e7 9a 84 e9  ................
00003b00: 98 9f e4 bc 8d e9 a2 9c e8 89 b2 e5 af 86 e5 ba  ................
00003b10: a6 e9 80 89 e9 a1 b9 ef bc 81 14 00 44 6f 63 49  ............DocI
00003b20: 6e 66 6f 2f 53 63 72 65 65 6e 73 68 6f 74 30 34  nfo/Screenshot04
00003b30: 4e 43 68 7a 57 00 e5 b7 a5 e4 ba ba e6 ad bb e4  NChzW...........
00003b40: ba a1 e6 8f 90 e9 86 92 ef bc 8c e4 bc 9a e6 8f  ................
00003b50: 90 e7 a4 ba e4 bd a0 e7 8e a9 e5 ae b6 e5 9c a8  ................
00003b60: e6 9c 80 e8 bf 91 e4 b8 80 e5 9c ba e6 88 98 e6  ................
00003b70: 96 97 e4 b8 ad e6 8d 9f e5 a4 b1 e4 ba 86 e5 a4  ................
00003b80: 9a e5 b0 91 e5 b7 a5 e4 ba ba e3 80 82 14 00 44  ...............D
00003b90: 6f 63 49 6e 66 6f 2f 53 63 72 65 65 6e 73 68 6f  ocInfo/Screensho
00003ba0: 74 30 31 4e 43 68 7a 69 00 e5 bb ba e7 ad 91 e4  t01NChzi........
00003bb0: b8 8a e6 96 b9 e7 9a 84 e5 9b be e6 a0 87 ef bc  ................
00003bc0: 8c e4 bc 9a e5 9c a8 e6 98 be e7 a4 ba e5 bb ba  ................
00003bd0: e7 ad 91 e7 8a b6 e6 80 81 e6 9d a1 e7 9a 84 e5  ................
00003be0: 90 8c e6 97 b6 e4 b9 9f e6 98 be e7 a4 ba e5 87  ................
00003bf0: ba e6 ad a3 e5 9c a8 e8 ae ad e7 bb 83 e6 88 96  ................
00003c00: e7 a0 94 e7 a9 b6 e7 9a 84 e9 a1 b9 e7 9b ae e3  ................
00003c10: 80 82 14 00 44 6f 63 49 6e 66 6f 2f 53 63 72 65  ....DocInfo/Scre
00003c20: 65 6e 73 68 6f 74 30 32 4e 43 68 7a 5a 00 e5 8d  enshot02NChzZ...
00003c30: 87 e7 ba a7 e6 8f 90 e9 86 92 ef bc 8c e4 bc 9a  ................
00003c40: e6 8f 90 e7 a4 ba e4 bd a0 e6 9f 90 e9 a1 b9 e5  ................
00003c50: 8d 87 e7 ba a7 e5 8d b3 e5 b0 86 e5 ae 8c e6 88  ................
00003c60: 90 e3 80 81 e5 b7 b2 e5 ae 8c e6 88 90 e3 80 81  ................
00003c70: e5 b7 b2 e5 8f 96 e6 b6 88 e6 88 96 e8 a2 ab e4  ................
00003c80: b8 ad e6 96 ad e3 80 82 0c 00 44 6f 63 49 6e 66  ..........DocInf
00003c90: 6f 2f 4e 61 6d 65 57 54 68 7a 0d 00 57 43 53 20  o/NameWThz..WCS 
00003ca0: 47 61 6d 65 48 65 61 72 74 1b 00 44 6f 63 49 6e  GameHeart..DocIn
00003cb0: 66 6f 2f 48 6f 77 54 6f 50 6c 61 79 41 64 76 61  fo/HowToPlayAdva
00003cc0: 6e 63 65 64 30 31 57 54 68 7a 69 00 4c 6f 67 6f  nced01WThzi.Logo
00003cd0: 73 2e 53 43 32 4d 6f 64 e6 98 af e4 b8 80 e5 80  s.SC2Mod........
00003ce0: 8b e7 89 b9 e6 ae 8a e9 a1 9e e5 9e 8b e7 9a 84  ................
00003cf0: e6 a8 a1 e7 b5 84 e6 aa 94 e6 a1 88 ef bc 8c e5  ................
00003d00: 8f af e4 bb a5 e7 ae a1 e7 90 86 e8 a7 80 e6 88  ................
00003d10: b0 e6 99 82 e8 a6 81 e9 a1 af e7 a4 ba e5 9c a8  ................
00003d20: e5 9c b0 e5 9c 96 e4 b8 8a e7 9a 84 e6 a8 99 e8  ................
00003d30: aa 8c e3 80 82 1b 00 44 6f 63 49 6e 66 6f 2f 48  .......DocInfo/H
00003d40: 6f 77 54 6f 50 6c 61 79 41 64 76 61 6e 63 65 64  owToPlayAdvanced
00003d50: 30 30 57 54 68 7a 55 00 57 43 53 20 32 2e 30 e6  00WThzU.WCS 2.0.
00003d60: 98 af e7 9b ae e5 89 8d e5 94 af e4 b8 80 e6 93  ................
00003d70: 81 e6 9c 89 e5 bf 85 e8 a6 81 e9 9d a2 e6 9d bf  ................
00003d80: ef bc 8c e5 8f af e5 be aa e7 92 b0 e9 a1 af e7  ................
00003d90: a4 ba e8 b3 87 e8 a8 8a e7 9a 84 e4 bd bf e7 94  ................
00003da0: a8 e8 80 85 e4 bb 8b e9 9d a2 e3 80 82 1b 00 44  ...............D
00003db0: 6f 63 49 6e 66 6f 2f 48 6f 77 54 6f 50 6c 61 79  ocInfo/HowToPlay
00003dc0: 41 64 76 61 6e 63 65 64 30 32 57 54 68 7a 45 00  Advanced02WThzE.
00003dd0: e8 ab 8b e5 8f 83 e8 80 83 e7 b7 9a e4 b8 8a e6  ................
00003de0: 96 87 e4 bb b6 ef bc 8c e5 85 b6 e4 b8 ad e6 9c  ................
00003df0: 89 e5 a6 82 e4 bd 95 e4 bd bf e7 94 a8 4c 6f 67  .............Log
00003e00: 6f 73 2e 53 43 32 4d 6f 64 e7 9a 84 e8 aa aa e6  os.SC2Mod.......
00003e10: 98 8e e3 80 82 18 00 44 6f 63 49 6e 66 6f 2f 48  .......DocInfo/H
00003e20: 6f 77 54 6f 50 6c 61 79 42 61 73 69 63 30 30 57  owToPlayBasic00W
00003e30: 54 68 7a 60 00 e5 a6 82 e9 9c 80 e8 87 aa e8 a8  Thz`............
00003e40: 82 e4 bb 8b e9 9d a2 ef bc 8c e8 ab 8b e8 87 b3  ................
00003e50: e9 81 8a e6 88 b2 e8 a8 ad e5 ae 9a e9 81 b8 e9  ................
00003e60: a0 85 ef bc 8c e5 be 9e e4 b8 8b e6 8b 89 e9 81  ................
00003e70: b8 e5 96 ae e4 b8 ad e9 81 b8 e6 93 87 e9 9c 80  ................
00003e80: e8 a6 81 e8 a8 ad e5 ae 9a e7 9a 84 e9 a0 85 e7  ................
00003e90: 9b ae ef bc 81 10 00 44 6f 63 49 6e 66 6f 2f 44  .......DocInfo/D
00003ea0: 65 73 63 4c 6f 6e 67 57 54 68 7a 7d 01 57 43 53  escLongWThz}.WCS
00003eb0: 20 47 61 6d 65 48 65 61 72 74 e6 98 af e9 87 9d   GameHeart......
00003ec0: e5 b0 8d e3 80 8a e6 98 9f e6 b5 b7 e7 88 ad e9  ................
00003ed0: 9c b8 49 49 e3 80 8b e8 a7 80 e6 88 b0 e8 80 85  ..II............
00003ee0: e7 b6 93 e9 a9 97 e6 89 80 e8 a8 ad e8 a8 88 e4  ................
00003ef0: b8 a6 e6 94 b9 e8 89 af e7 9a 84 e8 a7 80 e6 88  ................
00003f00: b0 e5 bb b6 e4 bc b8 e6 a8 a1 e7 b5 84 e3 80 82  ................
00003f10: 3c 6e 2f 3e 3c 6e 2f 3e 42 6c 69 7a 7a 61 72 64  <n/><n/>Blizzard
00003f20: 20 45 6e 74 65 72 74 61 69 6e 6d 65 6e 74 e5 9c   Entertainment..
00003f30: a8 e6 ad a4 e8 a6 81 e6 84 9f e8 ac 9d e7 a4 be  ................
00003f40: e7 be a4 e6 88 90 e5 93 a1 52 79 61 6e 20 53 63  .........Ryan Sc
00003f50: 68 75 74 74 65 72 e3 80 81 43 68 72 69 73 74 6f  hutter...Christo
00003f60: 70 68 20 41 68 6c 65 72 73 e3 80 81 50 68 69 6c  ph Ahlers...Phil
00003f70: 69 70 20 54 61 6e e3 80 81 4e 69 63 6b 20 4d 6f  ip Tan...Nick Mo
00003f80: 68 72 e3 80 81 4d 49 54 e9 81 8a e6 88 b2 e5 af  hr...MIT........
00003f90: a6 e9 a9 97 e5 ae a4 e3 80 81 4d 69 6c 6f 76 20  ..........Milov 
00003fa0: 56 61 73 79 61 e5 8f 8a 20 50 65 64 72 6f 20 5a  Vasya... Pedro Z
00003fb0: 65 61 e5 9c a8 e5 8e 9f e5 a7 8b 47 61 6d 65 48  ea.........GameH
00003fc0: 65 61 72 74 e6 a8 a1 e7 b5 84 e4 b8 8a e7 9a 84  eart............
00003fd0: e9 a9 9a e4 ba ba e8 b2 a2 e7 8d bb e3 80 82 3c  ...............<
00003fe0: 6e 2f 3e 3c 6e 2f 3e 20 4d 49 54 e9 81 8a e6 88  n/><n/> MIT.....
00003ff0: b2 e5 af a6 e9 a9 97 e5 ae a4 e5 90 8c e6 a8 a3  ................
00004000: e4 b9 9f e5 b0 8d e6 ad a4 e6 a8 a1 e7 b5 84 e4  ................
00004010: bb 98 e5 87 ba e4 ba 86 e7 9b b8 e7 95 b6 e7 9a  ................
00004020: 84 e8 b2 a2 e7 8d bb e3 80 82 18 00 44 6f 63 49  ............DocI
00004030: 6e 66 6f 2f 48 6f 77 54 6f 50 6c 61 79 42 61 73  nfo/HowToPlayBas
00004040: 69 63 30 32 57 54 68 7a 80 00 e5 a6 82 e6 9e 9c  ic02WThz........
00004050: e6 83 b3 e8 a6 81 e4 bd bf e7 94 a8 e6 88 b0 e9  ................
00004060: 9a 8a e5 92 8c e8 81 af e7 9b 9f e6 a8 99 e8 aa  ................
00004070: 8c ef bc 8c e8 ab 8b e5 8b 99 e5 bf 85 e5 b0 87  ................
00004080: 4c 6f 67 6f 73 2e 53 43 32 4d 6f 64 e6 aa 94 e6  Logos.SC2Mod....
00004090: a1 88 e6 94 be e9 80 b2 e4 bd a0 e9 9b bb e8 85  ................
000040a0: a6 e4 b8 8a e7 9a 84 44 6f 63 75 6d 65 6e 74 73  .......Documents
000040b0: 2f 53 74 61 72 63 72 61 66 74 20 49 49 e7 9b ae  /Starcraft II...
000040c0: e9 8c 84 e4 b8 ad ef bc 81 20 18 00 44 6f 63 49  ......... ..DocI
000040d0: 6e 66 6f 2f 48 6f 77 54 6f 50 6c 61 79 42 61 73  nfo/HowToPlayBas
000040e0: 69 63 30 31 57 54 68 7a 6c 00 e5 a6 82 e6 9e 9c  ic01WThzl.......
000040f0: e6 83 b3 e8 a6 81 e6 9c 89 e6 9b b4 e5 bc b7 e7  ................
00004100: 83 88 e7 9a 84 e9 9a 8a e4 bc 8d e8 89 b2 e5 bd  ................
00004110: a9 ef bc 8c e8 ab 8b e5 89 8d e5 be 80 e9 81 8a  ................
00004120: e6 88 b2 e8 a8 ad e5 ae 9a e9 81 b8 e9 a0 85 ef  ................
00004130: bc 8c e4 b8 a6 e8 aa bf e6 95 b4 e9 9a 8a e4 bc  ................
00004140: 8d e8 89 b2 e5 bd a9 e5 bc b7 e5 ba a6 e9 81 b8  ................
00004150: e9 a0 85 ef bc 81 14 00 44 6f 63 49 6e 66 6f 2f  ........DocInfo/
00004160: 53 63 72 65 65 6e 73 68 6f 74 30 34 57 54 68 7a  Screenshot04WThz
00004170: 5a 00 e5 b7 a5 e4 bd 9c e5 96 ae e4 bd 8d e6 93  Z...............
00004180: 8a e6 ae ba e9 80 9a e7 9f a5 e6 9c 83 e6 8f 90  ................
00004190: e7 a4 ba e5 9c a8 e6 9c 80 e5 be 8c e7 9a 84 e6  ................
000041a0: 9c 83 e6 88 b0 e4 b8 ad e7 8e a9 e5 ae b6 e6 90  ................
000041b0: 8d e5 a4 b1 e4 ba 86 e5 a4 9a e5 b0 91 e5 b7 a5  ................
000041c0: e4 bd 9c e5 96 ae e4 bd 8d e3 80 82 14 00 44 6f  ..............Do
000041d0: 63 49 6e 66 6f 2f 53 63 72 65 65 6e 73 68 6f 74  cInfo/Screenshot
000041e0: 30 31 57 54 68 7a 57 00 e7 95 b6 e7 8b 80 e6 85  01WThzW.........
000041f0: 8b e6 a2 9d e9 a1 af e7 a4 ba e6 99 82 ef bc 8c  ................
00004200: e5 bb ba e7 af 89 e7 89 a9 e4 b8 8a e7 9a 84 e5  ................
00004210: 9c 96 e7 a4 ba e6 9c 83 e9 a1 af e7 a4 ba e6 ad  ................
00004220: a3 e5 9c a8 e8 a8 93 e7 b7 b4 e6 88 96 e7 a0 94  ................
00004230: e7 99 bc e7 9a 84 e9 a0 85 e7 9b ae e3 80 82 14  ................
00004240: 00 44 6f 63 49 6e 66 6f 2f 53 63 72 65 65 6e 73  .DocInfo/Screens
00004250: 68 6f 74 30 32 57 54 68 7a 42 00 e6 9b b4 e6 96  hot02WThzB......
00004260: b0 e5 ae 8c e6 88 90 e4 b8 ad e3 80 81 e5 b7 b2  ................
00004270: e5 ae 8c e6 88 90 e3 80 81 e5 b7 b2 e5 8f 96 e6  ................
00004280: b6 88 e5 92 8c e7 84 a1 e6 b3 95 e9 80 b2 e8 a1  ................
00004290: 8c e7 9a 84 e9 80 9a e7 9f a5 e3 80 82 0c 00 44  ...............D
000042a0: 6f 63 49 6e 66 6f 2f 4e 61 6d 65 4c 50 6c 70 0d  ocInfo/NameLPlp.
000042b0: 00 57 43 53 20 47 61 6d 65 48 65 61 72 74 1b 00  .WCS GameHeart..
000042c0: 44 6f 63 49 6e 66 6f 2f 48 6f 77 54 6f 50 6c 61  DocInfo/HowToPla
000042d0: 79 41 64 76 61 6e 63 65 64 30 31 4c 50 6c 70 69  yAdvanced01LPlpi
000042e0: 00 4c 6f 67 6f 73 2e 53 43 32 4d 6f 64 20 74 6f  .Logos.SC2Mod to
000042f0: 20 73 70 65 63 6a 61 6c 6e 79 20 70 6c 69 6b 20   specjalny plik 
00004300: 6d 6f 64 79 66 69 6b 61 63 6a 69 2c 20 6b 74 c3  modyfikacji, kt.
00004310: b3 72 79 20 70 6f 7a 77 61 6c 61 20 77 79 c5 9b  .ry pozwala wy..
00004320: 77 69 65 74 6c 61 c4 87 20 6e 61 20 6d 61 70 69  wietla.. na mapi
00004330: 65 20 6c 6f 67 6f 20 64 6c 61 20 6f 62 73 65 72  e logo dla obser
00004340: 77 75 6a c4 85 63 79 63 68 2e 1b 00 44 6f 63 49  wuj..cych...DocI
00004350: 6e 66 6f 2f 48 6f 77 54 6f 50 6c 61 79 41 64 76  nfo/HowToPlayAdv
00004360: 61 6e 63 65 64 30 30 4c 50 6c 70 7c 00 57 43 53  anced00LPlp|.WCS
00004370: 20 32 2e 30 20 74 6f 20 6f 62 65 63 6e 69 65 20   2.0 to obecnie 
00004380: 6a 65 64 79 6e 79 20 69 6e 74 65 72 66 65 6a 73  jedyny interfejs
00004390: 20 70 6f 73 69 61 64 61 6a c4 85 63 79 20 65 6c   posiadaj..cy el
000043a0: 65 6d 65 6e 74 79 20 6e 69 65 7a 62 c4 99 64 6e  ementy niezb..dn
000043b0: 65 20 64 6f 20 77 79 c5 9b 77 69 65 74 6c 61 6e  e do wy..wietlan
000043c0: 69 61 20 70 72 7a 65 c5 82 c4 85 63 7a 61 6e 65  ia prze....czane
000043d0: 67 6f 20 70 61 6e 65 6c 75 20 69 6e 66 6f 72 6d  go panelu inform
000043e0: 61 63 79 6a 6e 65 67 6f 2e 1b 00 44 6f 63 49 6e  acyjnego...DocIn
000043f0: 66 6f 2f 48 6f 77 54 6f 50 6c 61 79 41 64 76 61  fo/HowToPlayAdva
00004400: 6e 63 65 64 30 32 4c 50 6c 70 58 00 49 6e 73 74  nced02LPlpX.Inst
00004410: 72 75 6b 63 6a 65 20 64 6f 74 79 63 7a c4 85 63  rukcje dotycz..c
00004420: 65 20 6b 6f 72 7a 79 73 74 61 6e 69 61 20 7a 20  e korzystania z 
00004430: 4c 6f 67 6f 73 2e 53 43 32 4d 6f 64 20 6d 6f c5  Logos.SC2Mod mo.
00004440: bc 6e 61 20 7a 6e 61 6c 65 c5 ba c4 87 20 77 20  .na znale.... w 
00004450: 64 6f 6b 75 6d 65 6e 74 61 63 6a 69 20 6f 6e 6c  dokumentacji onl
00004460: 69 6e 65 2e 18 00 44 6f 63 49 6e 66 6f 2f 48 6f  ine...DocInfo/Ho
00004470: 77 54 6f 50 6c 61 79 42 61 73 69 63 30 30 4c 50  wToPlayBasic00LP
00004480: 6c 70 48 00 41 62 79 20 7a 6d 69 65 6e 69 c4 87  lpH.Aby zmieni..
00004490: 20 69 6e 74 65 72 66 65 6a 73 2c 20 70 72 7a 65   interfejs, prze
000044a0: 6a 64 c5 ba 20 64 6f 20 6f 70 63 6a 69 20 72 6f  jd.. do opcji ro
000044b0: 7a 67 72 79 77 6b 69 20 69 20 77 79 62 69 65 72  zgrywki i wybier
000044c0: 7a 20 67 6f 20 7a 20 6d 65 6e 75 21 10 00 44 6f  z go z menu!..Do
000044d0: 63 49 6e 66 6f 2f 44 65 73 63 4c 6f 6e 67 4c 50  cInfo/DescLongLP
000044e0: 6c 70 ce 01 57 43 53 20 47 61 6d 65 48 65 61 72  lp..WCS GameHear
000044f0: 74 20 74 6f 20 6d 6f 64 79 66 69 6b 61 63 6a 61  t to modyfikacja
00004500: 20 72 6f 7a 73 7a 65 72 7a 65 6e 69 6f 77 61 20   rozszerzeniowa 
00004510: 7a 61 70 72 6f 6a 65 6b 74 6f 77 61 6e 61 2c 20  zaprojektowana, 
00004520: 61 62 79 20 75 c5 82 61 74 77 69 c4 87 20 6f 67  aby u..atwi.. og
00004530: 6c c4 85 64 61 6e 69 65 20 72 6f 7a 67 72 79 77  l..danie rozgryw
00004540: 65 6b 20 77 20 53 74 61 72 43 72 61 66 74 61 20  ek w StarCrafta 
00004550: 32 2e 3c 6e 2f 3e 3c 6e 2f 3e 42 6c 69 7a 7a 61  2.<n/><n/>Blizza
00004560: 72 64 20 45 6e 74 65 72 74 61 69 6e 6d 65 6e 74  rd Entertainment
00004570: 20 63 68 63 65 20 70 6f 64 7a 69 c4 99 6b 6f 77   chce podzi..kow
00004580: 61 c4 87 20 63 7a c5 82 6f 6e 6b 6f 6d 20 73 70  a.. cz..onkom sp
00004590: 6f c5 82 65 63 7a 6e 6f c5 9b 63 69 2c 20 64 6f  o..eczno..ci, do
000045a0: 20 6b 74 c3 b3 72 79 63 68 20 7a 61 6c 69 63 7a   kt..rych zalicz
000045b0: 61 6a c4 85 20 73 69 c4 99 20 52 79 61 6e 20 53  aj.. si.. Ryan S
000045c0: 63 68 75 74 74 65 72 2c 20 43 68 72 69 73 74 6f  chutter, Christo
000045d0: 70 68 20 41 68 6c 65 72 73 2c 20 50 68 69 6c 69  ph Ahlers, Phili
000045e0: 70 20 54 61 6e 2c 20 4e 69 63 6b 20 4d 6f 68 72  p Tan, Nick Mohr
000045f0: 2c 20 54 68 65 20 4d 49 54 20 47 61 6d 65 20 4c  , The MIT Game L
00004600: 61 62 2c 20 4d 69 6c 6f 76 20 56 61 73 79 61 20  ab, Milov Vasya 
00004610: 69 20 50 65 64 72 6f 20 5a 65 61 20 7a 61 20 69  i Pedro Zea za i
00004620: 63 68 20 77 6b c5 82 61 64 20 69 20 6e 69 65 73  ch wk..ad i nies
00004630: 61 6d 6f 77 69 74 c4 85 20 70 72 61 63 c4 99 20  amowit.. prac.. 
00004640: 6e 61 64 20 6f 72 79 67 69 6e 61 6c 6e c4 85 20  nad oryginaln.. 
00004650: 6d 6f 64 79 66 69 6b 61 63 6a c4 85 20 47 61 6d  modyfikacj.. Gam
00004660: 65 48 65 61 72 74 20 4d 6f 64 2e 3c 6e 2f 3e 3c  eHeart Mod.<n/><
00004670: 6e 2f 3e 44 6f 20 72 6f 7a 77 6f 6a 75 20 6d 6f  n/>Do rozwoju mo
00004680: 64 79 66 69 6b 61 63 6a 69 20 70 72 7a 79 63 7a  dyfikacji przycz
00004690: 79 6e 69 c5 82 20 73 69 c4 99 20 72 c3 b3 77 6e  yni.. si.. r..wn
000046a0: 69 65 c5 bc 20 4d 49 54 20 47 61 6d 65 20 4c 61  ie.. MIT Game La
000046b0: 62 2e 18 00 44 6f 63 49 6e 66 6f 2f 48 6f 77 54  b...DocInfo/HowT
000046c0: 6f 50 6c 61 79 42 61 73 69 63 30 32 4c 50 6c 70  oPlayBasic02LPlp
000046d0: 8a 00 41 62 79 20 75 7a 79 73 6b 61 c4 87 20 64  ..Aby uzyska.. d
000046e0: 6f 73 74 c4 99 70 20 64 6f 20 6c 6f 67 6f 20 64  ost..p do logo d
000046f0: 72 75 c5 bc 79 6e 6f 77 79 63 68 20 69 20 6c 69  ru..ynowych i li
00004700: 67 6f 77 79 63 68 2c 20 75 70 65 77 6e 69 6a 20  gowych, upewnij 
00004710: 73 69 c4 99 2c 20 c5 bc 65 20 70 6c 69 6b 20 4c  si.., ..e plik L
00004720: 6f 67 6f 73 2e 53 43 32 4d 6f 64 20 7a 6e 61 6a  ogos.SC2Mod znaj
00004730: 64 75 6a 65 20 73 69 c4 99 20 77 20 6b 61 74 61  duje si.. w kata
00004740: 6c 6f 67 75 20 44 6f 6b 75 6d 65 6e 74 79 2f 53  logu Dokumenty/S
00004750: 74 61 72 63 72 61 66 74 20 49 49 21 18 00 44 6f  tarcraft II!..Do
00004760: 63 49 6e 66 6f 2f 48 6f 77 54 6f 50 6c 61 79 42  cInfo/HowToPlayB
00004770: 61 73 69 63 30 31 4c 50 6c 70 63 00 41 62 79 20  asic01LPlpc.Aby 
00004780: 77 7a 6d 6f 63 6e 69 c4 87 20 6b 6f 6c 6f 72 79  wzmocni.. kolory
00004790: 20 64 72 75 c5 bc 79 6e 79 2c 20 70 72 7a 65 6a   dru..yny, przej
000047a0: 64 c5 ba 20 64 6f 20 6f 70 63 6a 69 20 72 6f 7a  d.. do opcji roz
000047b0: 67 72 79 77 6b 69 20 69 20 64 6f 73 74 6f 73 75  grywki i dostosu
000047c0: 6a 20 69 6e 74 65 6e 73 79 77 6e 6f c5 9b c4 87  j intensywno....
000047d0: 20 62 61 72 77 20 64 72 75 c5 bc 79 6e 79 21 14   barw dru..yny!.
000047e0: 00 44 6f 63 49 6e 66 6f 2f 53 63 72 65 65 6e 73  .DocInfo/Screens
000047f0: 68 6f 74 30 34 4c 50 6c 70 65 00 50 6f 77 69 61  hot04LPlpe.Powia
00004800: 64 6f 6d 69 65 6e 69 61 2c 20 6b 74 c3 b3 72 65  domienia, kt..re
00004810: 20 69 6e 66 6f 72 6d 75 6a c4 85 20 6f 20 74 79   informuj.. o ty
00004820: 6d 2c 20 69 6c 65 20 6a 65 64 6e 6f 73 74 65 6b  m, ile jednostek
00004830: 20 72 6f 62 6f 74 6e 69 63 7a 79 63 68 20 73 74   robotniczych st
00004840: 72 61 63 69 c5 82 20 67 72 61 63 7a 20 77 20 6f  raci.. gracz w o
00004850: 73 74 61 74 6e 69 6d 20 73 74 61 72 63 69 75 2e  statnim starciu.
00004860: 14 00 44 6f 63 49 6e 66 6f 2f 53 63 72 65 65 6e  ..DocInfo/Screen
00004870: 73 68 6f 74 30 31 4c 50 6c 70 6b 00 4b 69 65 64  shot01LPlpk.Kied
00004880: 79 20 77 69 64 6f 63 7a 6e 79 20 6a 65 73 74 20  y widoczny jest 
00004890: 70 61 73 65 6b 20 73 74 61 74 75 73 75 2c 20 69  pasek statusu, i
000048a0: 6b 6f 6e 79 20 6e 61 64 20 62 75 64 6f 77 6c 61  kony nad budowla
000048b0: 6d 69 20 70 6f 6b 61 7a 75 6a c4 85 2c 20 63 6f  mi pokazuj.., co
000048c0: 20 77 20 6e 69 63 68 20 70 6f 77 73 74 61 6a 65   w nich powstaje
000048d0: 20 6c 75 62 20 6a 65 73 74 20 6f 70 72 61 63 6f   lub jest opraco
000048e0: 77 79 77 61 6e 65 2e 14 00 44 6f 63 49 6e 66 6f  wywane...DocInfo
000048f0: 2f 53 63 72 65 65 6e 73 68 6f 74 30 32 4c 50 6c  /Screenshot02LPl
00004900: 70 67 00 50 6f 77 69 61 64 6f 6d 69 65 6e 69 61  pg.Powiadomienia
00004910: 20 6f 20 75 6c 65 70 73 7a 65 6e 69 61 63 68 2c   o ulepszeniach,
00004920: 20 6b 74 c3 b3 72 65 20 69 6e 66 6f 72 6d 75 6a   kt..re informuj
00004930: c4 85 20 6f 20 69 63 68 20 74 72 77 61 6e 69 75  .. o ich trwaniu
00004940: 2c 20 7a 61 6b 6f c5 84 63 7a 65 6e 69 75 2c 20  , zako..czeniu, 
00004950: 61 6e 75 6c 6f 77 61 6e 69 75 20 6c 75 62 20 6f  anulowaniu lub o
00004960: 64 72 7a 75 63 65 6e 69 75 2e 0c 00 44 6f 63 49  drzuceniu...DocI
00004970: 6e 66 6f 2f 4e 61 6d 65 54 49 74 69 0d 00 57 43  nfo/NameTIti..WC
00004980: 53 20 47 61 6d 65 48 65 61 72 74 1b 00 44 6f 63  S GameHeart..Doc
00004990: 49 6e 66 6f 2f 48 6f 77 54 6f 50 6c 61 79 41 64  Info/HowToPlayAd
000049a0: 76 61 6e 63 65 64 30 31 54 49 74 69 64 00 4c 6f  vanced01TItid.Lo
000049b0: 67 6f 73 2e 53 43 32 4d 6f 64 20 c3 a8 20 75 6e  gos.SC2Mod .. un
000049c0: 6f 20 73 70 65 63 69 61 6c 65 20 74 69 70 6f 20  o speciale tipo 
000049d0: 64 69 20 66 69 6c 65 20 6d 6f 64 20 63 68 65 20  di file mod che 
000049e0: 67 65 73 74 69 73 63 65 20 6c 61 20 76 69 73 75  gestisce la visu
000049f0: 61 6c 69 7a 7a 61 7a 69 6f 6e 65 20 64 65 69 20  alizzazione dei 
00004a00: 6c 6f 67 68 69 20 73 75 6c 6c 61 20 6d 61 70 70  loghi sulla mapp
00004a10: 61 2e 1b 00 44 6f 63 49 6e 66 6f 2f 48 6f 77 54  a...DocInfo/HowT
00004a20: 6f 50 6c 61 79 41 64 76 61 6e 63 65 64 30 30 54  oPlayAdvanced00T
00004a30: 49 74 69 93 00 4c 27 69 6e 74 65 72 66 61 63 63  Iti..L'interfacc
00004a40: 69 61 20 57 43 53 20 32 2e 30 20 c3 a8 20 6c 27  ia WCS 2.0 .. l'
00004a50: 75 6e 69 63 61 20 69 6e 74 65 72 66 61 63 63 69  unica interfacci
00004a60: 61 20 63 68 65 20 61 74 74 75 61 6c 6d 65 6e 74  a che attualment
00004a70: 65 20 64 69 73 70 6f 6e 65 20 64 65 67 6c 69 20  e dispone degli 
00004a80: 65 6c 65 6d 65 6e 74 69 20 6e 65 63 65 73 73 61  elementi necessa
00004a90: 72 69 20 61 20 6d 6f 73 74 72 61 72 65 20 69 6c  ri a mostrare il
00004aa0: 20 70 61 6e 6e 65 6c 6c 6f 20 64 65 6c 6c 65 20   pannello delle 
00004ab0: 69 6e 66 6f 72 6d 61 7a 69 6f 6e 69 20 70 65 72  informazioni per
00004ac0: 69 6f 64 69 63 68 65 2e 1b 00 44 6f 63 49 6e 66  iodiche...DocInf
00004ad0: 6f 2f 48 6f 77 54 6f 50 6c 61 79 41 64 76 61 6e  o/HowToPlayAdvan
00004ae0: 63 65 64 30 32 54 49 74 69 5a 00 43 6f 6e 73 75  ced02TItiZ.Consu
00004af0: 6c 74 61 20 6c 61 20 64 6f 63 75 6d 65 6e 74 61  lta la documenta
00004b00: 7a 69 6f 6e 65 20 6f 6e 6c 69 6e 65 20 70 65 72  zione online per
00004b10: 20 6c 65 20 69 73 74 72 75 7a 69 6f 6e 69 20 73   le istruzioni s
00004b20: 75 6c 6c 27 75 74 69 6c 69 7a 7a 6f 20 64 69 20  ull'utilizzo di 
00004b30: 75 6e 20 66 69 6c 65 20 4c 6f 67 6f 73 2e 53 43  un file Logos.SC
00004b40: 32 4d 6f 64 2e 18 00 44 6f 63 49 6e 66 6f 2f 48  2Mod...DocInfo/H
00004b50: 6f 77 54 6f 50 6c 61 79 42 61 73 69 63 30 30 54  owToPlayBasic00T
00004b60: 49 74 69 76 00 50 65 72 20 6f 74 74 65 6e 65 72  Itiv.Per ottener
00004b70: 65 20 75 6e 27 69 6e 74 65 72 66 61 63 63 69 61  e un'interfaccia
00004b80: 20 70 65 72 73 6f 6e 61 6c 69 7a 7a 61 74 61 2c   personalizzata,
00004b90: 20 61 70 72 69 20 6c 65 20 6f 70 7a 69 6f 6e 69   apri le opzioni
00004ba0: 20 64 69 20 64 69 6e 61 6d 69 63 61 20 64 69 20   di dinamica di 
00004bb0: 67 69 6f 63 6f 20 65 20 73 65 6c 65 7a 69 6f 6e  gioco e selezion
00004bc0: 61 6e 65 20 75 6e 61 20 64 61 6c 20 6d 65 6e 75  ane una dal menu
00004bd0: 20 61 20 74 65 6e 64 69 6e 61 2e 10 00 44 6f 63   a tendina...Doc
00004be0: 49 6e 66 6f 2f 44 65 73 63 4c 6f 6e 67 54 49 74  Info/DescLongTIt
00004bf0: 69 8b 01 57 43 53 20 47 61 6d 65 48 65 61 72 74  i..WCS GameHeart
00004c00: 20 c3 a8 20 75 6e 27 65 73 74 65 6e 73 69 6f 6e   .. un'estension
00004c10: 65 20 70 72 6f 67 65 74 74 61 74 61 20 70 65 72  e progettata per
00004c20: 20 6d 69 67 6c 69 6f 72 61 72 65 20 6c 27 65 73   migliorare l'es
00004c30: 70 65 72 69 65 6e 7a 61 20 64 65 67 6c 69 20 73  perienza degli s
00004c40: 70 65 74 74 61 74 6f 72 69 20 64 69 20 53 74 61  pettatori di Sta
00004c50: 72 43 72 61 66 74 20 32 2c 3c 6e 2f 3e 3c 6e 2f  rCraft 2,<n/><n/
00004c60: 3e 42 6c 69 7a 7a 61 72 64 20 45 6e 74 65 72 74  >Blizzard Entert
00004c70: 61 69 6e 6d 65 6e 74 20 64 65 73 69 64 65 72 61  ainment desidera
00004c80: 20 72 69 6e 67 72 61 7a 69 61 72 65 20 65 20 72   ringraziare e r
00004c90: 69 63 6f 6e 6f 73 63 65 72 65 20 69 20 6d 65 72  iconoscere i mer
00004ca0: 69 74 69 20 64 65 69 20 6d 65 6d 62 72 69 20 64  iti dei membri d
00004cb0: 65 6c 6c 61 20 63 6f 6d 75 6e 69 74 c3 a0 20 52  ella comunit.. R
00004cc0: 79 61 6e 20 53 63 68 75 74 74 65 72 2c 20 43 68  yan Schutter, Ch
00004cd0: 72 69 73 74 6f 70 68 20 41 68 6c 65 72 73 2c 20  ristoph Ahlers, 
00004ce0: 50 68 69 6c 69 70 20 54 61 6e 2c 20 4e 69 63 6b  Philip Tan, Nick
00004cf0: 20 4d 6f 68 72 2c 20 4d 49 54 20 47 61 6d 65 20   Mohr, MIT Game 
00004d00: 4c 61 62 2c 20 4d 69 6c 6f 76 20 56 61 73 79 61  Lab, Milov Vasya
00004d10: 20 65 20 50 65 64 72 6f 20 5a 65 61 20 70 65 72   e Pedro Zea per
00004d20: 20 69 6c 20 6c 6f 72 6f 20 69 6e 63 72 65 64 69   il loro incredi
00004d30: 62 69 6c 65 20 6c 61 76 6f 72 6f 20 73 75 6c 20  bile lavoro sul 
00004d40: 6d 6f 64 20 6f 72 69 67 69 6e 61 6c 65 20 64 69  mod originale di
00004d50: 20 47 61 6d 65 48 65 61 72 74 2e 3c 6e 2f 3e 3c   GameHeart.<n/><
00004d60: 6e 2f 3e 43 6f 6e 74 72 69 62 75 74 69 20 64 69  n/>Contributi di
00004d70: 20 4d 49 54 20 47 61 6d 65 20 4c 61 62 2e 18 00   MIT Game Lab...
00004d80: 44 6f 63 49 6e 66 6f 2f 48 6f 77 54 6f 50 6c 61  DocInfo/HowToPla
00004d90: 79 42 61 73 69 63 30 32 54 49 74 69 6d 00 50 65  yBasic02TItim.Pe
00004da0: 72 20 76 69 73 75 61 6c 69 7a 7a 61 72 65 20 69  r visualizzare i
00004db0: 20 6c 6f 67 68 69 20 64 69 20 73 71 75 61 64 72   loghi di squadr
00004dc0: 65 20 65 20 6c 65 67 61 2c 20 63 6f 70 69 61 20  e e lega, copia 
00004dd0: 75 6e 20 66 69 6c 65 20 4c 6f 67 6f 73 2e 53 43  un file Logos.SC
00004de0: 32 4d 6f 64 20 6e 65 6c 6c 61 20 63 61 72 74 65  2Mod nella carte
00004df0: 6c 6c 61 20 44 6f 63 75 6d 65 6e 74 69 2f 53 74  lla Documenti/St
00004e00: 61 72 63 72 61 66 74 20 49 49 21 18 00 44 6f 63  arcraft II!..Doc
00004e10: 49 6e 66 6f 2f 48 6f 77 54 6f 50 6c 61 79 42 61  Info/HowToPlayBa
00004e20: 73 69 63 30 31 54 49 74 69 87 00 50 65 72 20 76  sic01TIti..Per v
00004e30: 69 73 75 61 6c 69 7a 7a 61 72 65 20 63 6f 6c 6f  isualizzare colo
00004e40: 72 69 20 64 65 6c 6c 61 20 73 71 75 61 64 72 61  ri della squadra
00004e50: 20 70 69 c3 b9 20 64 65 66 69 6e 69 74 69 2c 20   pi.. definiti, 
00004e60: 61 70 72 69 20 6c 65 20 6f 70 7a 69 6f 6e 69 20  apri le opzioni 
00004e70: 64 69 20 64 69 6e 61 6d 69 63 61 20 64 69 20 67  di dinamica di g
00004e80: 69 6f 63 6f 20 65 20 72 65 67 6f 6c 61 20 6c 27  ioco e regola l'
00004e90: 6f 70 7a 69 6f 6e 65 20 49 6e 74 65 6e 73 69 74  opzione Intensit
00004ea0: c3 a0 20 63 6f 6c 6f 72 65 20 73 71 75 61 64 72  .. colore squadr
00004eb0: 61 21 14 00 44 6f 63 49 6e 66 6f 2f 53 63 72 65  a!..DocInfo/Scre
00004ec0: 65 6e 73 68 6f 74 30 34 54 49 74 69 70 00 4e 6f  enshot04TItip.No
00004ed0: 74 69 66 69 63 68 65 20 73 75 6c 6c 27 75 63 63  tifiche sull'ucc
00004ee0: 69 73 69 6f 6e 65 20 64 65 69 20 6c 61 76 6f 72  isione dei lavor
00004ef0: 61 74 6f 72 69 20 63 68 65 20 61 67 67 69 6f 72  atori che aggior
00004f00: 6e 61 6e 6f 20 73 75 6c 20 6e 75 6d 65 72 6f 20  nano sul numero 
00004f10: 64 69 20 6c 61 76 6f 72 61 74 6f 72 69 20 75 63  di lavoratori uc
00004f20: 63 69 73 69 20 64 75 72 61 6e 74 65 20 6c 27 75  cisi durante l'u
00004f30: 6c 74 69 6d 6f 20 73 63 6f 6e 74 72 6f 2e 14 00  ltimo scontro...
00004f40: 44 6f 63 49 6e 66 6f 2f 53 63 72 65 65 6e 73 68  DocInfo/Screensh
00004f50: 6f 74 30 31 54 49 74 69 6f 00 49 63 6f 6e 65 20  ot01TItio.Icone 
00004f60: 73 6f 70 72 61 20 6c 65 20 73 74 72 75 74 74 75  sopra le struttu
00004f70: 72 65 20 63 68 65 20 6d 6f 73 74 72 61 6e 6f 20  re che mostrano 
00004f80: 6c 27 61 64 64 65 73 74 72 61 6d 65 6e 74 6f 20  l'addestramento 
00004f90: 6f 20 6c 61 20 72 69 63 65 72 63 61 20 69 6e 20  o la ricerca in 
00004fa0: 63 6f 72 73 6f 20 70 61 72 61 6c 6c 65 6c 61 6d  corso parallelam
00004fb0: 65 6e 74 65 20 61 6c 6c 61 20 62 61 72 72 61 20  ente alla barra 
00004fc0: 64 69 20 73 74 61 74 6f 2e 14 00 44 6f 63 49 6e  di stato...DocIn
00004fd0: 66 6f 2f 53 63 72 65 65 6e 73 68 6f 74 30 32 54  fo/Screenshot02T
00004fe0: 49 74 69 5c 00 4e 6f 74 69 66 69 63 68 65 20 63  Iti\.Notifiche c
00004ff0: 68 65 20 61 67 67 69 6f 72 6e 61 6e 6f 20 73 75  he aggiornano su
00005000: 6c 20 63 6f 6d 70 6c 65 74 61 6d 65 6e 74 6f 2c  l completamento,
00005010: 20 61 6e 6e 75 6c 6c 61 6d 65 6e 74 6f 20 6f 20   annullamento o 
00005020: 69 6d 70 6f 73 73 69 62 69 6c 69 74 c3 a0 20 64  impossibilit.. d
00005030: 65 69 20 70 6f 74 65 6e 7a 69 61 6d 65 6e 74 69  ei potenziamenti
00005040: 2e 0c 00 44 6f 63 49 6e 66 6f 2f 4e 61 6d 65 52  ...DocInfo/NameR
00005050: 42 74 70 0d 00 57 43 53 20 47 61 6d 65 48 65 61  Btp..WCS GameHea
00005060: 72 74 1b 00 44 6f 63 49 6e 66 6f 2f 48 6f 77 54  rt..DocInfo/HowT
00005070: 6f 50 6c 61 79 41 64 76 61 6e 63 65 64 30 31 52  oPlayAdvanced01R
00005080: 42 74 70 6c 00 4c 6f 67 6f 73 2e 53 43 32 4d 6f  Btpl.Logos.SC2Mo
00005090: 64 20 c3 a9 20 75 6d 20 74 69 70 6f 20 65 73 70  d .. um tipo esp
000050a0: 65 63 69 61 6c 20 64 65 20 61 72 71 75 69 76 6f  ecial de arquivo
000050b0: 20 64 65 20 6d 6f 64 20 71 75 65 20 67 65 72 65   de mod que gere
000050c0: 6e 63 69 61 20 61 20 65 78 69 62 69 c3 a7 c3 a3  ncia a exibi....
000050d0: 6f 20 64 65 20 6c 6f 67 6f 73 20 6e 6f 20 6d 61  o de logos no ma
000050e0: 70 61 20 70 61 72 61 20 6f 62 73 65 72 76 61 72  pa para observar
000050f0: 2e 1b 00 44 6f 63 49 6e 66 6f 2f 48 6f 77 54 6f  ...DocInfo/HowTo
00005100: 50 6c 61 79 41 64 76 61 6e 63 65 64 30 30 52 42  PlayAdvanced00RB
00005110: 74 70 93 00 41 20 69 6e 74 65 72 66 61 63 65 20  tp..A interface 
00005120: 57 43 53 20 32 2e 30 20 c3 a9 20 61 20 c3 ba 6e  WCS 2.0 .. a ..n
00005130: 69 63 61 20 69 6e 74 65 72 66 61 63 65 20 61 74  ica interface at
00005140: 75 61 6c 6d 65 6e 74 65 20 71 75 65 20 6f 66 65  ualmente que ofe
00005150: 72 65 63 65 20 6f 73 20 65 6c 65 6d 65 6e 74 6f  rece os elemento
00005160: 73 20 64 65 20 49 55 20 6e 65 63 65 73 73 c3 a1  s de IU necess..
00005170: 72 69 6f 73 20 70 61 72 61 20 65 78 69 62 69 72  rios para exibir
00005180: 20 6f 20 70 61 69 6e 65 6c 20 64 65 20 72 6f 74   o painel de rot
00005190: 61 c3 a7 c3 a3 6f 20 64 65 20 69 6e 66 6f 72 6d  a....o de inform
000051a0: 61 c3 a7 c3 a3 6f 2e 1b 00 44 6f 63 49 6e 66 6f  a....o...DocInfo
000051b0: 2f 48 6f 77 54 6f 50 6c 61 79 41 64 76 61 6e 63  /HowToPlayAdvanc
000051c0: 65 64 30 32 52 42 74 70 5d 00 43 6f 6e 73 75 6c  ed02RBtp].Consul
000051d0: 74 65 20 61 20 64 6f 63 75 6d 65 6e 74 61 c3 a7  te a documenta..
000051e0: c3 a3 6f 20 6f 6e 6c 69 6e 65 20 70 61 72 61 20  ..o online para 
000051f0: 65 6e 63 6f 6e 74 72 61 72 20 61 73 20 69 6e 73  encontrar as ins
00005200: 74 72 75 c3 a7 c3 b5 65 73 20 64 65 20 63 6f 6d  tru....es de com
00005210: 6f 20 75 73 61 72 20 75 6d 20 4c 6f 67 6f 73 2e  o usar um Logos.
00005220: 53 43 32 4d 6f 64 2e 18 00 44 6f 63 49 6e 66 6f  SC2Mod...DocInfo
00005230: 2f 48 6f 77 54 6f 50 6c 61 79 42 61 73 69 63 30  /HowToPlayBasic0
00005240: 30 52 42 74 70 6d 00 50 61 72 61 20 75 73 61 72  0RBtpm.Para usar
00005250: 20 75 6d 61 20 69 6e 74 65 72 66 61 63 65 20 70   uma interface p
00005260: 65 72 73 6f 6e 61 6c 69 7a 61 64 61 2c 20 76 c3  ersonalizada, v.
00005270: a1 20 61 74 c3 a9 20 61 73 20 6f 70 c3 a7 c3 b5  . at.. as op....
00005280: 65 73 20 64 65 20 6a 6f 67 61 62 69 6c 69 64 61  es de jogabilida
00005290: 64 65 20 65 20 73 65 6c 65 63 69 6f 6e 65 20 75  de e selecione u
000052a0: 6d 61 20 6e 6f 20 6d 65 6e 75 20 73 75 73 70 65  ma no menu suspe
000052b0: 6e 73 6f 21 10 00 44 6f 63 49 6e 66 6f 2f 44 65  nso!..DocInfo/De
000052c0: 73 63 4c 6f 6e 67 52 42 74 70 a2 01 57 43 53 20  scLongRBtp..WCS 
000052d0: 47 61 6d 65 48 65 61 72 74 20 c3 a9 20 75 6d 20  GameHeart .. um 
000052e0: 6d 6f 64 20 64 65 20 65 78 74 65 6e 73 c3 a3 6f  mod de extens..o
000052f0: 20 63 72 69 61 64 6f 20 70 61 72 61 20 6d 65 6c   criado para mel
00005300: 68 6f 72 61 72 20 61 20 65 78 70 65 72 69 c3 aa  horar a experi..
00005310: 6e 63 69 61 20 64 65 20 65 73 70 65 63 74 61 64  ncia de espectad
00005320: 6f 72 20 64 6f 20 53 74 61 72 43 72 61 66 74 20  or do StarCraft 
00005330: 32 2e 3c 6e 2f 3e 3c 6e 2f 3e 41 20 42 6c 69 7a  2.<n/><n/>A Bliz
00005340: 7a 61 72 64 20 45 6e 74 65 72 74 61 69 6e 6d 65  zard Entertainme
00005350: 6e 74 20 67 6f 73 74 61 72 69 61 20 64 65 20 61  nt gostaria de a
00005360: 67 72 61 64 65 63 65 72 20 65 20 64 61 72 20 72  gradecer e dar r
00005370: 65 63 6f 6e 68 65 63 69 6d 65 6e 74 6f 20 61 6f  econhecimento ao
00005380: 73 20 6d 65 6d 62 72 6f 73 20 64 61 20 63 6f 6d  s membros da com
00005390: 75 6e 69 64 61 64 65 20 52 79 61 6e 20 53 63 68  unidade Ryan Sch
000053a0: 75 74 74 65 72 2c 20 43 68 72 69 73 74 6f 70 68  utter, Christoph
000053b0: 20 41 68 6c 65 72 73 2c 20 50 68 69 6c 69 70 20   Ahlers, Philip 
000053c0: 54 61 6e 2c 20 4e 69 63 6b 20 4d 6f 68 72 2c 20  Tan, Nick Mohr, 
000053d0: 54 68 65 20 4d 49 54 20 47 61 6d 65 20 4c 61 62  The MIT Game Lab
000053e0: 2c 20 4d 69 6c 6f 76 20 56 61 73 79 61 20 65 20  , Milov Vasya e 
000053f0: 50 65 64 72 6f 20 5a 65 61 20 70 65 6c 6f 20 66  Pedro Zea pelo f
00005400: 61 6e 74 c3 a1 73 74 69 63 6f 20 74 72 61 62 61  ant..stico traba
00005410: 6c 68 6f 20 66 65 69 74 6f 20 6e 6f 20 47 61 6d  lho feito no Gam
00005420: 65 48 65 61 72 74 20 4d 6f 64 20 6f 72 69 67 69  eHeart Mod origi
00005430: 6e 61 6c 2e 3c 6e 2f 3e 3c 6e 2f 3e 50 6f 72 c3  nal.<n/><n/>Por.
00005440: a7 c3 b5 65 73 20 74 61 6d 62 c3 a9 6d 20 63 6f  ...es tamb..m co
00005450: 6e 74 72 69 62 75 c3 ad 64 61 73 20 70 65 6c 6f  ntribu..das pelo
00005460: 20 4d 49 54 20 47 61 6d 65 20 4c 61 62 2e 18 00   MIT Game Lab...
00005470: 44 6f 63 49 6e 66 6f 2f 48 6f 77 54 6f 50 6c 61  DocInfo/HowToPla
00005480: 79 42 61 73 69 63 30 32 52 42 74 70 7b 00 50 61  yBasic02RBtp{.Pa
00005490: 72 61 20 75 73 61 72 20 6c 6f 67 6f 73 20 64 65  ra usar logos de
000054a0: 20 65 71 75 69 70 65 20 65 20 64 65 20 6c 69 67   equipe e de lig
000054b0: 61 2c 20 63 65 72 74 69 66 69 71 75 65 2d 73 65  a, certifique-se
000054c0: 20 64 65 20 63 6f 6c 6f 63 61 72 20 75 6d 20 61   de colocar um a
000054d0: 72 71 75 69 76 6f 20 4c 6f 67 6f 73 2e 53 43 32  rquivo Logos.SC2
000054e0: 4d 6f 64 20 6e 6f 20 64 69 72 65 74 c3 b3 72 69  Mod no diret..ri
000054f0: 6f 20 44 6f 63 75 6d 65 6e 74 73 2f 53 74 61 72  o Documents/Star
00005500: 63 72 61 66 74 20 49 49 21 18 00 44 6f 63 49 6e  craft II!..DocIn
00005510: 66 6f 2f 48 6f 77 54 6f 50 6c 61 79 42 61 73 69  fo/HowToPlayBasi
00005520: 63 30 31 52 42 74 70 82 00 50 61 72 61 20 76 65  c01RBtp..Para ve
00005530: 72 20 63 6f 72 65 73 20 64 65 20 65 71 75 69 70  r cores de equip
00005540: 65 20 6d 61 69 73 20 66 6f 72 74 65 73 2c 20 76  e mais fortes, v
00005550: c3 a1 20 70 61 72 61 20 61 73 20 6f 70 c3 a7 c3  .. para as op...
00005560: b5 65 73 20 64 65 20 6a 6f 67 61 62 69 6c 69 64  .es de jogabilid
00005570: 61 64 65 20 65 20 61 6a 75 73 74 65 20 61 20 6f  ade e ajuste a o
00005580: 70 c3 a7 c3 a3 6f 20 64 65 20 69 6e 74 65 6e 73  p....o de intens
00005590: 69 64 61 64 65 20 64 61 20 63 6f 72 20 64 61 20  idade da cor da 
000055a0: 73 75 61 20 65 71 75 69 70 65 2e 14 00 44 6f 63  sua equipe...Doc
000055b0: 49 6e 66 6f 2f 53 63 72 65 65 6e 73 68 6f 74 30  Info/Screenshot0
000055c0: 34 52 42 74 70 7b 00 4e 6f 74 69 66 69 63 61 c3  4RBtp{.Notifica.
000055d0: a7 c3 b5 65 73 20 64 65 20 74 72 61 62 61 6c 68  ...es de trabalh
000055e0: 61 64 6f 72 65 73 20 6d 6f 72 74 6f 73 20 71 75  adores mortos qu
000055f0: 65 20 61 6c 65 72 74 61 6d 20 71 75 61 6e 74 6f  e alertam quanto
00005600: 73 20 74 72 61 62 61 6c 68 61 64 6f 72 65 73 20  s trabalhadores 
00005610: 66 6f 72 61 6d 20 70 65 72 64 69 64 6f 73 20 6e  foram perdidos n
00005620: 6f 20 c3 ba 6c 74 69 6d 6f 20 63 6f 6e 66 72 6f  o ..ltimo confro
00005630: 6e 74 6f 20 64 65 20 75 6d 20 6a 6f 67 61 64 6f  nto de um jogado
00005640: 72 2e 14 00 44 6f 63 49 6e 66 6f 2f 53 63 72 65  r...DocInfo/Scre
00005650: 65 6e 73 68 6f 74 30 31 52 42 74 70 77 00 c3 8d  enshot01RBtpw...
00005660: 63 6f 6e 65 73 20 73 6f 62 72 65 20 6f 73 20 70  cones sobre os p
00005670: 72 c3 a9 64 69 6f 73 20 71 75 65 20 6d 6f 73 74  r..dios que most
00005680: 72 61 6d 20 6f 20 71 75 65 20 65 6c 65 73 20 65  ram o que eles e
00005690: 73 74 c3 a3 6f 20 74 72 65 69 6e 61 6e 64 6f 20  st..o treinando 
000056a0: 6f 75 20 70 65 73 71 75 69 73 61 6e 64 6f 20 65  ou pesquisando e
000056b0: 6e 71 75 61 6e 74 6f 20 61 20 62 61 72 72 61 20  nquanto a barra 
000056c0: 64 65 20 73 74 61 74 75 73 20 c3 a9 20 65 78 69  de status .. exi
000056d0: 62 69 64 61 2e 14 00 44 6f 63 49 6e 66 6f 2f 53  bida...DocInfo/S
000056e0: 63 72 65 65 6e 73 68 6f 74 30 32 52 42 74 70 88  creenshot02RBtp.
000056f0: 00 4e 6f 74 69 66 69 63 61 c3 a7 c3 b5 65 73 20  .Notifica....es 
00005700: 64 65 20 61 70 72 69 6d 6f 72 61 6d 65 6e 74 6f  de aprimoramento
00005710: 20 71 75 65 20 61 6c 65 72 74 61 6d 20 71 75 61   que alertam qua
00005720: 6e 64 6f 20 65 73 74 c3 a3 6f 20 73 65 6e 64 6f  ndo est..o sendo
00005730: 20 63 6f 6d 70 6c 65 74 61 64 6f 73 2c 20 71 75   completados, qu
00005740: 61 6e 64 6f 20 65 73 74 c3 a3 6f 20 63 6f 6d 70  ando est..o comp
00005750: 6c 65 74 6f 73 2c 20 71 75 61 6e 64 6f 20 73 c3  letos, quando s.
00005760: a3 6f 20 63 61 6e 63 65 6c 61 64 6f 73 20 6f 75  .o cancelados ou
00005770: 20 6e 65 67 61 64 6f 73 2e                        negados.
